comd_one,comd_two,output
 c:\WINDOWS\Microsoft.NET\Framework64\v4.0.30319\ngen.exe  install  c:\Program Files (x86)\Common Files\Microsoft Shared\VSTA\Pipeline.v10.0\AddInSideAdapters\Microsoft.VisualStudio.Tools.Office.Word.AddInAdapter.v9.0.dll  /queue  :  3 /NoDependencies ," c:\WINDOWS\Microsoft.NET\Framework64\v4.0.30319\ngen.exe  install  Microsoft.VisualStudio.Tools.Applications.Hosting.v10.0, Version=10.0.0.0, Culture=neutral, PublicKeyToken=b03f5f7f11d50a3a  /queue  :  3 /NoDependencies ",Similar
 C:\Program Files\Amazon\AWSCLIV2\aws.exe  cli , C:\Program Files\Amazon\AWSCLIV2\aws.exe  s3 sync  s3://ew1-rds-ds-prd-data-export-hy/data/events/_organization=university_of_helsinki/C:\Users\zhussain\study\internship\f-secure  ,Similar
 C:\Windows\Microsoft.NET\Framework64\v4.0.30319\mscorsvw.exe  -StartupEvent 6d4 -InterruptEvent 0 -NGENProcess 6e0 -Pipe 5fc -Comment  NGen Worker Process  , C:\Windows\Microsoft.NET\Framework\v4.0.30319\mscorsvw.exe  -StartupEvent 928 -InterruptEvent 0 -NGENProcess 920 -Pipe 8f4 -Comment  NGen Worker Process  ,Similar
 C:\WINDOWS\System32\WaaSMedicAgent.exe  82efd75b56268f7931b7d4391d22978b +XF85hlkOUm3+oTO7VgggA.0.1.0.0.0 , C:\WINDOWS\System32\WaaSMedicAgent.exe  8d8f1b3f76c11d5414e83d7b3afbe217 vDSiYqKU+EO8laa+wEzHfw.0.1.0.0.0 ,Similar
 C:\WINDOWS\TEMP\22259147-EA23-4CAB-A48E-B9DD6C4EF2AE\dismhost.exe  {C09BA95A-71EC-469B-B62F-BFF68823C6E3} , C:\WINDOWS\TEMP\448BABF9-F177-4D16-BD5D-2F0D6B5FA014\dismhost.exe  {D4B40518-2644-49B7-8711-D8892A4AE43A} ,Similar
 C:\WINDOWS\system32\NOTEPAD.EXE   C:\Users\RDS21bde055271f\study\internship\f-secure\fsecure  data\fsecure data\_year=2020\_month=6\_day=2\_sensor_id=85bd9b2f-cefb-45fe-9d39-36115b19f5d4\00d5664c-184b-417d-a79f-baa285453709.jsonl.gz , C:\WINDOWS\system32\NOTEPAD.EXE   C:\Users\RDS21bde055271f\study\internship\f-secure\meeting_points  03-07.txt ,Similar
 C:\Program Files\Amazon\AWSCLIV2\aws.exe  config , C:\Program Files\Amazon\AWSCLIV2\aws.exe  s3 sync  s3://ew1-rds-ds-prd-data-export-hy/data/events/_organization=university_of_helsinki  ,Similar
 C:\WINDOWS\TEMP\095F688A-DAF2-4C1D-9DD2-C21052F84E7C\dismhost.exe  {2F396577-9A28-4F34-92ED-FF6B0C31A9AA} , C:\WINDOWS\TEMP\0F1634FC-334D-4FD4-B367-E50DD36710CC\dismhost.exe  {1CA9B2E6-B8B0-423E-84EF-FE29CC600229} ,Similar
 C:\WINDOWS\System32\WaaSMedicAgent.exe  98d4ece77c6a47e40c9fd93e5c6c6e8d 2toglbja6ku6nER4.0.0.0 , C:\WINDOWS\System32\WaaSMedicAgent.exe  d2fcf8af42ce08eb0ae5c60e680ba310 bLd6Y12pc0Cdf5b+Qf7V0A.0.1.0.0.0 ,Similar
 C:\WINDOWS\TEMP\0F1634FC-334D-4FD4-B367-E50DD36710CC\dismhost.exe  {1CA9B2E6-B8B0-423E-84EF-FE29CC600229} , C:\WINDOWS\TEMP\225312BA-8B6C-4140-8DDA-D1E0A521D7BA\dismhost.exe  {6DD7B887-3BC6-440A-9B6F-F997BA9B1836} ,Similar
 C:\ProgramData\F-Secure\NS\default\swup2\working\deployer\Patches\msodll202016-kb4484251-fullfile-x86-glb.exe  /passive /norestart /quiet , C:\ProgramData\F-Secure\NS\default\swup2\working\deployer\Patches\msodll99l2016-kb4484395-fullfile-x86-glb.exe  /passive /norestart /quiet ,Similar
taskhostw.exe TpmTasks ,taskhostw.exe {222A245B-E637-4AE9-A93F-A59CA119A75E} ,Similar
taskhostw.exe timer ,taskhostw.exe {222A245B-E637-4AE9-A93F-A59CA119A75E} ,Similar
 C:\WINDOWS\TEMP\6FF8A7EA-39EB-4333-BE46-C42E9F0BD03C\dismhost.exe  {BBD55FC0-D341-49FE-AC69-2AA6E7CB89A3} , C:\WINDOWS\TEMP\895BFD1F-4C71-4481-9F07-784FB42E01D7\dismhost.exe  {1B090F14-1172-432D-BEB3-0D8891925437} ,Similar
 C:\Program Files\Amazon\AWSCLIV2\aws.exe  configure , C:\Program Files\Amazon\AWSCLIV2\aws.exe  s3 sync  s3://ew1-rds-ds-prd-data-export-hy/data/events/_organization=university_of_helsinki  ,Similar
 C:\WINDOWS\TEMP\448BABF9-F177-4D16-BD5D-2F0D6B5FA014\dismhost.exe  {D4B40518-2644-49B7-8711-D8892A4AE43A} , C:\WINDOWS\TEMP\895BFD1F-4C71-4481-9F07-784FB42E01D7\dismhost.exe  {1B090F14-1172-432D-BEB3-0D8891925437} ,Similar
 C:\WINDOWS\System32\DriverStore\FileRepository\iigd_dch.inf_amd64_8593324338be39de\IntelCpHeciSvc.exe  , C:\WINDOWS\System32\DriverStore\FileRepository\iigd_dch.inf_amd64_8593324338be39de\IntelCpHDCPSvc.exe  ,Similar
 C:\WINDOWS\TEMP\6FF8A7EA-39EB-4333-BE46-C42E9F0BD03C\dismhost.exe  {BBD55FC0-D341-49FE-AC69-2AA6E7CB89A3} , C:\WINDOWS\TEMP\B7F870F9-1A11-4D87-90B7-58E116787E70\dismhost.exe  {5D010F77-C0C1-4786-8382-F046BE7501AF} ,Similar
 C:\WINDOWS\system32\NOTEPAD.EXE   C:\Users\zhussain\AppData\Roaming\jupyter\runtime\kernel-f30d0af3-1930-4a26-b9c3-227953dad61d.json  , C:\WINDOWS\system32\NOTEPAD.EXE   C:\Users\zhussain\study\internship\f-secure\fsecure  data\fsecure data\_year=2020\_month=6\_day=22\_sensor_id=3e6599e7-f984-4167-9044-775638385318\def10613-1979-4dc4-acae-5d7b69ffa80a.jsonl ,Similar
 C:\WINDOWS\system32\NOTEPAD.EXE   C:\Users\RDS21bde055271f\study\internship\vscode\99f0d883-725f-4d2b-ad1b-71ff71108ef1.txt  , C:\WINDOWS\system32\NOTEPAD.EXE   C:\Users\zhussain\AppData\Roaming\jupyter\runtime\kernel-f30d0af3-1930-4a26-b9c3-227953dad61d.json  ,Similar
 C:\WINDOWS\TEMP\47885689-3448-4D9F-B623-0A0B3328D028\dismhost.exe  {95F70736-586C-4413-B117-AE99882FBD1E} , C:\WINDOWS\TEMP\6AD75887-993A-4E31-90CA-49D7B131F54B\dismhost.exe  {CB5A0BFD-CD25-4A2E-81F9-05E7B04A1633} ,Similar
 C:\WINDOWS\SysWOW64\WindowsPowerShell\v1.0\PowerShell.exe  -NoLogo -Noninteractive -NoProfile -ExecutionPolicy Bypass  & 'C:\WINDOWS\CCM\SystemTemp\f2f3dd1f-5e07-4b56-845e-2ab6ce14053d.ps1'  , C:\WINDOWS\system32\WindowsPowerShell\v1.0\PowerShell.exe  -NoLogo -Noninteractive -NoProfile -ExecutionPolicy Bypass  & 'C:\WINDOWS\CCM\SystemTemp\dfca8b9d-4885-4af3-9bce-439c481f1d44.ps1'  ,Similar
 C:\Program Files\Amazon\AWSCLIV2\aws.exe  config , C:\Program Files\Amazon\AWSCLIV2\aws.exe  s3 sync  s3://ew1-rds-ds-prd-data-export-hy/data/events/_organization=university_of_helsinki/C:\Users\zhussain\study\internship\f-secure  ,Similar
 C:\WINDOWS\TEMP\225312BA-8B6C-4140-8DDA-D1E0A521D7BA\dismhost.exe  {6DD7B887-3BC6-440A-9B6F-F997BA9B1836} , C:\WINDOWS\TEMP\25FE10B1-A5D7-4EBC-BD5B-D73CA997D01E\dismhost.exe  {72783E2F-7A1C-4129-9E89-0549223DF29F} ,Similar
taskhostw.exe ExploitGuardPolicy ,taskhostw.exe VerifyWinRE ,Similar
 C:\WINDOWS\System32\WaaSMedicAgent.exe  8d8f1b3f76c11d5414e83d7b3afbe217 vDSiYqKU+EO8laa+wEzHfw.0.1.0.0.0 , C:\WINDOWS\System32\WaaSMedicAgent.exe  b7a52cbd0215dc33672d0393b213c69c vGXQ9ObRykyrjCEVmB2Qqw.0.1.0.0.0 ,Similar
 C:\ProgramData\F-Secure\NS\default\swup2\working\deployer\Patches\ace2016-kb4484431-fullfile-x86-glb.exe  /passive /norestart /quiet , C:\ProgramData\F-Secure\NS\default\swup2\working\deployer\Patches\lync2016-kb4484501-fullfile-x86-glb.exe  /passive /norestart /quiet ,Similar
 C:\WINDOWS\TEMP\43633225-94A5-4585-A91D-C07B8319D810\dismhost.exe  {18ADA5A3-261D-4BF7-BD03-E8F14D5037A3} , C:\WINDOWS\TEMP\47885689-3448-4D9F-B623-0A0B3328D028\dismhost.exe  {95F70736-586C-4413-B117-AE99882FBD1E} ,Similar
 C:\WINDOWS\system32\NOTEPAD.EXE   C:\Users\zhussain\study\internship\f-secure\fsecure  data\fsecure data\_year=2020\_month=6\_day=2\_sensor_id=85bd9b2f-cefb-45fe-9d39-36115b19f5d4\85d7ebaf-4ba1-488b-a89d-f1dd7a188054.jsonl.gz , C:\WINDOWS\system32\NOTEPAD.EXE   C:\Users\zhussain\study\internship\f-secure\meeting_points  24-07.txt ,Similar
 C:\Program Files\Amazon\AWSCLIV2\aws.exe  configure , C:\Program Files\Amazon\AWSCLIV2\aws.exe  s3 sync  s3://ew1-rds-ds-prd-data-export-hy/data/events/_organization=university_of_helsinki/C:\Users\zhussain\study\internship\f-secure  ,Similar
 C:\WINDOWS\System32\WaaSMedicAgent.exe  53f1c6241ed239f59b4aa85dab20ab0a V0NGDVWkFke41c4kPFe6Aw.0.1.0.0.0 , C:\WINDOWS\System32\WaaSMedicAgent.exe  a97025a85f30cd0f5c8aff172459fd6b pP1Q0T6PzEKUCBEZ.0.0.0 ,Similar
git.exe commit -m ,git.exe commit -m  added text in empty files  ,Similar
 C:\WINDOWS\ccmcache\3d\ccmsetup.exe  /AutoUpgrade /UpgradePackageVersion  :  1 , C:\WINDOWS\ccmsetup\ccmsetup.exe  /runservice /AutoUpgrade /UpgradePackageVersion  :  1 /UpgradeWinTask ,Similar
 C:\WINDOWS\TEMP\22259147-EA23-4CAB-A48E-B9DD6C4EF2AE\dismhost.exe  {C09BA95A-71EC-469B-B62F-BFF68823C6E3} , C:\WINDOWS\TEMP\2AD3EC3F-045C-448A-BE5A-EBB6C91C1D4A\dismhost.exe  {3DFBBEE4-AB16-49A0-9147-BD1037376CAB} ,Similar
 C:\WINDOWS\system32\NOTEPAD.EXE   C:\Users\RDS21bde055271f\study\internship\vscode\zz.txt  , C:\WINDOWS\system32\NOTEPAD.EXE   C:\Users\zhussain\AppData\Local\Temp\Temp1_Vol-2612.zip\Vol-2612\changes-2020-06-05.txt  ,Similar
 C:\Windows\Microsoft.NET\Framework\v4.0.30319\mscorsvw.exe  -StartupEvent 6d8 -InterruptEvent 0 -NGENProcess 648 -Pipe 7e8 -Comment  NGen Worker Process  , C:\Windows\Microsoft.NET\Framework64\v4.0.30319\mscorsvw.exe  -StartupEvent 1d4 -InterruptEvent 0 -NGENProcess 480 -Pipe 2dc -Comment  NGen Worker Process  ,Similar
 C:\Windows\Microsoft.NET\Framework64\v4.0.30319\mscorsvw.exe  -StartupEvent 734 -InterruptEvent 0 -NGENProcess 73c -Pipe 58c -Comment  NGen Worker Process  , C:\Windows\Microsoft.NET\Framework64\v4.0.30319\mscorsvw.exe  -StartupEvent 738 -InterruptEvent 0 -NGENProcess 6cc -Pipe 700 -Comment  NGen Worker Process  ,Similar
 C:\WINDOWS\TEMP\217AAB03-5C66-4E59-91BF-AF2A7F3B955F\dismhost.exe  {C62CFCED-9919-4B18-A16C-11870AFDBFAF} , C:\WINDOWS\TEMP\47885689-3448-4D9F-B623-0A0B3328D028\dismhost.exe  {95F70736-586C-4413-B117-AE99882FBD1E} ,Similar
 C:\Program  Files (x86)\Zoom\bin\Zoom.exe --action = join --runaszvideo = TRUE , C:\Program  Files (x86)\Zoom\bin\Zoom.exe --action = preload --runaszvideo = TRUE --useroption = 4504149475459072 --useroption2 = 1170935903118426176 --useroption3 = 141837005455872 --haszoomim = 1 ,Similar
 C:\WINDOWS\system32\NOTEPAD.EXE   C:\Users\zhussain\study\internship\vscode\f-secure_data\5fe277d7-b3a2-49f6-ac25-1b6330b5e7eb.txt  , C:\WINDOWS\system32\NOTEPAD.EXE  \\ad.helsinki.fi\home\z\zhussain\Desktop\corona_test.txt ,Similar
 C:\WINDOWS\System32\WaaSMedicAgent.exe  a22f2124c68df7f985017bc2d4794755 c8iRwDxn+UuW58Rz.0.0.0 , C:\WINDOWS\System32\WaaSMedicAgent.exe  a97025a85f30cd0f5c8aff172459fd6b pP1Q0T6PzEKUCBEZ.0.0.0 ,Similar
 C:\WINDOWS\TEMP\B1590E03-5801-4C89-8C1F-2B404C47D54A\dismhost.exe  {C10377B5-C096-4884-B2F7-E7527328EE47} , C:\WINDOWS\TEMP\F10D7C9B-B15E-48F2-94B6-7AE5C111A069\dismhost.exe  {4F939337-2FCF-4749-A4C9-B4359BA3688E} ,Similar
 c:\WINDOWS\Microsoft.NET\Framework64\v4.0.30319\ngen.exe  install  c:\Program Files (x86)\Common Files\Microsoft Shared\VSTA\Pipeline.v10.0\HostSideAdapters\Microsoft.VisualStudio.Tools.Office.Outlook.HostAdapter.v10.0.dll  /queue  :  3 /NoDependencies ," c:\WINDOWS\Microsoft.NET\Framework\v4.0.30319\ngen.exe  install  Microsoft.Office.Tools.Excel, Version=10.0.0.0, Culture=neutral, PublicKeyToken=b03f5f7f11d50a3a  /queue  :  3 /NoDependencies ",Similar
 C:\ProgramData\F-Secure\NS\default\swup2\working\deployer\Patches\ace2016-kb4484431-fullfile-x86-glb.exe  /passive /norestart /quiet , C:\ProgramData\F-Secure\NS\default\swup2\working\deployer\Patches\excel2016-kb4484507-fullfile-x86-glb.exe  /passive /norestart /quiet ,Similar
" c:\WINDOWS\Microsoft.NET\Framework\v4.0.30319\ngen.exe  install  Microsoft.VisualStudio.Tools.Office.Outlook.HostAdapter.v10.0, Version=10.0.0.0, Culture=neutral, PublicKeyToken=b03f5f7f11d50a3a  /queue  :  3 /NoDependencies ", c:\WINDOWS\Microsoft.NET\Framework\v4.0.30319\ngen.exe  install  c:\Program Files (x86)\Common Files\Microsoft Shared\VSTA\Pipeline.v10.0\AddInSideAdapters\Microsoft.VisualStudio.Tools.Applications.AddInAdapter.v9.0.dll  /queue  :  3 /NoDependencies ,Similar
git commit -m ,git commit -m  i have added a test file  ,Similar
 C:\WINDOWS\TEMP\895BFD1F-4C71-4481-9F07-784FB42E01D7\dismhost.exe  {1B090F14-1172-432D-BEB3-0D8891925437} , C:\WINDOWS\TEMP\80C5DD4F-19BB-4485-A477-8ED76AB6C1A5\dismhost.exe  {025E966C-7DC7-4C4B-B55E-6F44482072AB} ,Similar
 C:\WINDOWS\TEMP\928E5EDF-4C8F-43D9-9B0D-EF4BCA335B32\dismhost.exe  {C779215C-3C71-4307-8E31-06A10DB74350} , C:\WINDOWS\TEMP\F10D7C9B-B15E-48F2-94B6-7AE5C111A069\dismhost.exe  {4F939337-2FCF-4749-A4C9-B4359BA3688E} ,Similar
 C:\WINDOWS\System32\WaaSMedicAgent.exe  27d44d3033658bb638c5127f2e504a30 V46yIv2S6ECjLvmtecxIqA.0.1.0.0.0 , C:\WINDOWS\System32\WaaSMedicAgent.exe  304962c347a6a42dadbca3fe62fb8220 3L7Yljy8AUOmMPLO.0.0.0 ,Similar
 C:\Program Files (x86)\F-Secure\PSB\fsadminaccess_32.exe  --code 76f0ece363788e176427a3ae274ffae1f7ce18fe80d7a2d93e87f2c134d08625 --name fsadminaccess_240115fd461522de5570317c9ba06145c288b61b14d35ecb974f52d3cf659409 , C:\Program Files (x86)\F-Secure\PSB\fsadminaccess_32.exe  --code ff475eff57bf7c2919bd6f9d7d2d2353568e40d8589f4d29f8cb9d62303a0a43 --name fsadminaccess_38408690d55a6b703d2348b245ba33463e57b6389c8a778abc2471e67c7db249 ,Similar
 C:\WINDOWS\TEMP\A396AD61-98C2-4FFF-BE66-B1CE45A49EAB\dismhost.exe  {7EC186EB-071F-429A-BA7D-12FBC451F208} , C:\WINDOWS\TEMP\B7F870F9-1A11-4D87-90B7-58E116787E70\dismhost.exe  {5D010F77-C0C1-4786-8382-F046BE7501AF} ,Similar
 C:\ProgramData\F-Secure\NS\default\swup2\working\deployer\Installation\InstallationSandbox#2020-10-02-T-12-28-18\STDeploy.exe  package= package.zip   relaunchSandbox=C:\ProgramData\F-Secure\NS\default\swup2\working\deployer\Installation\InstallationSandbox#2020-10-02-T-12-28-18  relaunchReason= afterPostDeploymentReboot=1  , C:\ProgramData\F-Secure\NS\default\swup2\working\deployer\Installation\InstallationSandbox#2020-10-02-T-12-28-18\stDeploy.exe   package=C:\ProgramData\F-Secure\NS\default\swup2\working\package.zip   baseDir=C:\ProgramData\F-Secure\NS\default\swup2\working\deployer  ,Similar
" c:\WINDOWS\Microsoft.NET\Framework64\v4.0.30319\ngen.exe  install  Microsoft.VisualStudio.Tools.Office.Word.HostAdapter.v10.0, Version=10.0.0.0, Culture=neutral, PublicKeyToken=b03f5f7f11d50a3a  /queue  :  3 /NoDependencies ", c:\WINDOWS\Microsoft.NET\Framework64\v4.0.30319\ngen.exe  install  c:\Program Files (x86)\Common Files\Microsoft Shared\VSTA\Pipeline.v10.0\AddInViews\Microsoft.Office.Tools.v9.0.dll  /queue  :  3 /NoDependencies ,Similar
 C:\WINDOWS\ccmcache\3g\Files\Firefox Setup 68.11.0esr.exe  -ms /ini =  'C:\WINDOWS\ccmcache\3g\SupportFiles\HY_Firefox.ini'  , C:\WINDOWS\ccmcache\3t\Files\Firefox Setup 68.12.0esr.exe  -ms /ini =  'C:\WINDOWS\ccmcache\3t\SupportFiles\HY_Firefox.ini'  ,Similar
DrvInst.exe  1   0   BTHENUM\{0000110b-0000-1000-8000-00805f9b34fb}_LOCALMFG&0002\7&394bf67&0&085688519745_C00000000         4d07e7cdf   0000000000000000  ,"DrvInst.exe  2   211   ROOT\SYSTEM\0002   C:\WINDOWS\INF\oem82.inf   imdriver.inf:c14ce884ab02dec3:LnvAppFrmDevice_Install:1.1.19.5:root\imdriverv2,   4294f16df   00000000000001E4  ",Similar
 C:\WINDOWS\TEMP\47885689-3448-4D9F-B623-0A0B3328D028\dismhost.exe  {95F70736-586C-4413-B117-AE99882FBD1E} , C:\WINDOWS\TEMP\850A56A5-DB51-41DD-A416-5F3E00910031\dismhost.exe  {E821F0E6-7104-4028-9593-63ACA59BC5B9} ,Similar
.\mingw64\bin\git.exe config --system  filter.lfs.process   git-lfs filter-process  ,.\mingw64\bin\git.exe config --system --unset  credential.https://dev.azure.com.useHttpPath  ,Similar
git.exe commit -m ,git.exe commit -m  this is for new branch  ,Similar
 C:\WINDOWS\system32\NOTEPAD.EXE   C:\Users\zhussain\study\internship\Economics\data\text_files\companies\2457_1995_737.txt  , C:\WINDOWS\system32\NOTEPAD.EXE   C:\Users\zhussain\study\internship\f-secure\fsecure  data\fsecure data\_year=2020\_month=6\_day=22\_sensor_id=85bd9b2f-cefb-45fe-9d39-36115b19f5d4\37745a56-bf14-4375-af61-cae24b0b98e7.jsonl ,Similar
 C:\WINDOWS\system32\NOTEPAD.EXE   C:\Users\zhussain\study\PhD\things  to do.txt , C:\WINDOWS\system32\NOTEPAD.EXE   C:\Users\zhussain\study\internship\f-secure\fsecure  data\fsecure data\_year=2020\_month=6\_day=22\_sensor_id=3e6599e7-f984-4167-9044-775638385318\2376d31a-a3ef-48f7-90e0-2d5316471562.jsonl ,Similar
 C:\WINDOWS\system32\NOTEPAD.EXE   C:\Users\zhussain\study\internship\f-secure\fsecure  data\fsecure data\_year=2020\_month=6\_day=2\_sensor_id=85bd9b2f-cefb-45fe-9d39-36115b19f5d4\28eb0738-a75c-4eab-97ca-c9573ad40de4.jsonl , C:\WINDOWS\system32\NOTEPAD.EXE   C:\Users\zhussain\study\internship\f-secure\meeting_points  03-07.txt ,Similar
 C:\WINDOWS\TEMP\03FE0572-E313-4BF5-B3FD-42F2EDCF7CA8\dismhost.exe  {D0DA92FD-FE8F-4DCE-B9D2-A6DA9E5258FD} , C:\WINDOWS\TEMP\2AD3EC3F-045C-448A-BE5A-EBB6C91C1D4A\dismhost.exe  {3DFBBEE4-AB16-49A0-9147-BD1037376CAB} ,Similar
 C:\WINDOWS\system32\WindowsPowerShell\v1.0\PowerShell.exe  -NonInteractive -NoProfile -ExecutionPolicy RemoteSigned -Command  & { . 'C:\WINDOWS\CCM\ScriptStore\7DC6B6F1-E7F6-43C1-96E0-E1D16BC25C14_54699952a4564fc5a6627d95da23f7ef23d490498258e604a32e5adfad8e6505.ps1' -kustoquery 'E:RSgwKSB8IHByb2plY3QgRGV2aWNlLCBPU1ViciB8IHdoZXJlIChPU1ViciA9PSAxMzM5KQ==' -select 'E:RGV2aWNlOkRldmljZSxDbGFzc1VwZGF0ZWQ6U3RyaW5nLENvbXB1dGVyTmFtZTpTdHJpbmcsSW5zdGFsbGVkQnlIWTpTdHJpbmcsT1NCdWlsZDpOdW1iZXIsT1NSZXZpc2lvbjpOdW1iZXIsT1NVYnI6TnVtYmVyLFdTVVNJbnN0YWxsOlN0cmluZyxXU1VTU2VhcmNoOlN0cmluZw==' -wmiquery 'E:cm9vdC9jaW12MjpTRUxFQ1QgQ2xhc3NVcGRhdGVkLENvbXB1dGVyTmFtZSxJbnN0YWxsZWRCeUhZLE9TQnVpbGQsT1NSZXZpc2lvbixPU1VicixXU1VTSW5zdGFsbCxXU1VTU2VhcmNoIEZST00gSFlDdXN0b21DbGFzcw=='  | ConvertTo-Json -Compress }   , C:\WINDOWS\system32\WindowsPowerShell\v1.0\PowerShell.exe  -NonInteractive -NoProfile -ExecutionPolicy RemoteSigned -Command  & { . 'C:\WINDOWS\CCM\ScriptStore\7DC6B6F1-E7F6-43C1-96E0-E1D16BC25C14_54699952a4564fc5a6627d95da23f7ef23d490498258e604a32e5adfad8e6505.ps1' -kustoquery 'E:RSgwKSB8IHdoZXJlIChMb2dUZXh0IGNvbnRhaW5zICdUb3RhbCBhY3Rpb25hYmxlJyk=' -select 'E:RGV2aWNlOkRldmljZSxMb2dUZXh0OlN0cmluZyxEYXRlVGltZTpEYXRlVGltZSxDb21wb25lbnQ6U3RyaW5nLENvbnRleHQ6U3RyaW5nLFR5cGU6TnVtYmVyLFRocmVhZDpOdW1iZXIsRmlsZTpTdHJpbmc=' -wmiquery 'E:Q2NtTG9nKCdVcGRhdGVzRGVwbG95bWVudCcsODY0MDAp'  | ConvertTo-Json -Compress }   ,Similar
 C:\WINDOWS\System32\WaaSMedicAgent.exe  8df7e2172cd18a54b140212cf0ab797e W0EqdJCs0k6/xPxTnDdsqQ.0.1.0.0.0 , C:\WINDOWS\System32\WaaSMedicAgent.exe  a97025a85f30cd0f5c8aff172459fd6b pP1Q0T6PzEKUCBEZ.0.0.0 ,Similar
 C:\WINDOWS\system32\NOTEPAD.EXE   C:\Users\zhussain\study\internship\vscode\0fe05168-fe8c-4a05-a673-e73bc092f976.jsonl.gz.txt  , C:\WINDOWS\system32\NOTEPAD.EXE  \\ad.helsinki.fi\home\z\zhussain\Desktop\corona_test.txt ,Similar
 C:\WINDOWS\system32\NOTEPAD.EXE   C:\Users\zhussain\study\PhD\things  to do.txt , C:\WINDOWS\system32\NOTEPAD.EXE   C:\Users\zhussain\study\internship\f-secure\fsecure  data\fsecure data\_year=2020\_month=6\_day=22\_sensor_id=85bd9b2f-cefb-45fe-9d39-36115b19f5d4\37745a56-bf14-4375-af61-cae24b0b98e7.jsonl ,Similar
 c:\WINDOWS\Microsoft.NET\Framework64\v4.0.30319\ngen.exe  install  c:\Program Files (x86)\Common Files\Microsoft Shared\VSTA\Pipeline.v10.0\HostSideAdapters\Microsoft.VisualStudio.Tools.Applications.HostAdapter.v10.0.dll  /queue  :  3 /NoDependencies ," c:\WINDOWS\Microsoft.NET\Framework\v4.0.30319\ngen.exe  install  Microsoft.Office.Tools.Excel, Version=10.0.0.0, Culture=neutral, PublicKeyToken=b03f5f7f11d50a3a  /queue  :  3 /NoDependencies ",Similar
 C:\WINDOWS\System32\WaaSMedicAgent.exe  53f1c6241ed239f59b4aa85dab20ab0a V0NGDVWkFke41c4kPFe6Aw.0.1.0.0.0 , C:\WINDOWS\System32\WaaSMedicAgent.exe  7ad43b306fba7b64af22e4272759ecc2 K5odM8IFA0SjNMK8qUYRLA.0.1.0.0.0 ,Similar
 C:\WINDOWS\System32\WaaSMedicAgent.exe  e199acc060a1fe2618b52dac41c98aed MROUNatmfUGer5U01uSG+w.0.1.0.0.0 , C:\WINDOWS\System32\WaaSMedicAgent.exe  fbac091fcd4ed9f6354c7260ff219be0 hEmo4Y7LokieMcOBwtyXrw.0.1.0.0.0 ,Similar
" C:\WINDOWS\TEMP\is-RDROK.tmp\Git-2.27.0-64-bit.tmp  /SL5 =  $C40DA2,47414314,224256,C:\WINDOWS\ccmcache\3c\Files\Git-2.27.0-64-bit.exe  /VERYSILENT /NORESTART /SUPPRESSMSGBOXES "," C:\WINDOWS\TEMP\is-UO365.tmp\Git-2.28.0-64-bit.tmp  /SL5 =  $400CE,50455330,224256,C:\ProgramData\F-Secure\NS\default\swup2\working\deployer\Patches\Git-2.28.0-64-bit.exe  /VERYSILENT /SUPPRESSMSGBOXES /NORESTART /NOCANCEL ",Similar
" c:\WINDOWS\Microsoft.NET\Framework64\v4.0.30319\ngen.exe  install  Microsoft.VisualStudio.Tools.Office.Runtime.Internal, Version=10.0.0.0, Culture=neutral, PublicKeyToken=b03f5f7f11d50a3a  /queue  :  3 /NoDependencies ", c:\WINDOWS\Microsoft.NET\Framework64\v4.0.30319\ngen.exe  install  c:\Program Files (x86)\Common Files\Microsoft Shared\VSTA\Pipeline.v10.0\AddInViews\Microsoft.Office.Tools.v9.0.dll  /queue  :  3 /NoDependencies ,Similar
 C:\WINDOWS\system32\NOTEPAD.EXE   C:\Users\zhussain\study\internship\f-secure\fsecure  data\fsecure data\_year=2020\_month=6\_day=22\_sensor_id=85bd9b2f-cefb-45fe-9d39-36115b19f5d4\37745a56-bf14-4375-af61-cae24b0b98e7.jsonl.gz , C:\WINDOWS\system32\NOTEPAD.EXE   C:\Users\zhussain\study\internship\f-secure\meeting_points  21-08.txt ,Similar
 C:\WINDOWS\TEMP\225312BA-8B6C-4140-8DDA-D1E0A521D7BA\dismhost.exe  {6DD7B887-3BC6-440A-9B6F-F997BA9B1836} , C:\WINDOWS\TEMP\6AD75887-993A-4E31-90CA-49D7B131F54B\dismhost.exe  {CB5A0BFD-CD25-4A2E-81F9-05E7B04A1633} ,Similar
 C:\WINDOWS\system32\NOTEPAD.EXE   C:\Users\RDS21bde055271f\study\internship\f-secure\Juka  s points.txt , C:\WINDOWS\system32\NOTEPAD.EXE   C:\Users\RDS21bde055271f\study\internship\f-secure\fsecure  data\fsecure data\_year=2020\_month=6\_day=2\_sensor_id=85bd9b2f-cefb-45fe-9d39-36115b19f5d4\00d5664c-184b-417d-a79f-baa285453709.jsonl.gz ,Similar
 C:\WINDOWS\TEMP\7123B021-A23C-4AD4-B9AE-D04244569B9D\dismhost.exe  {A58A42A7-2B1D-4234-88FA-63C229E1AB24} , C:\WINDOWS\TEMP\895BFD1F-4C71-4481-9F07-784FB42E01D7\dismhost.exe  {1B090F14-1172-432D-BEB3-0D8891925437} ,Similar
" c:\WINDOWS\Microsoft.NET\Framework\v4.0.30319\ngen.exe  install  Microsoft.VisualStudio.Tools.Office.Word.HostAdapter.v10.0, Version=10.0.0.0, Culture=neutral, PublicKeyToken=b03f5f7f11d50a3a  /queue  :  3 /NoDependencies ", c:\WINDOWS\Microsoft.NET\Framework\v4.0.30319\ngen.exe  install  c:\Program Files (x86)\Common Files\Microsoft Shared\VSTA\Pipeline.v10.0\AddInSideAdapters\Microsoft.VisualStudio.Tools.Applications.AddInAdapter.v9.0.dll  /queue  :  3 /NoDependencies ,Similar
 C:\WINDOWS\System32\WaaSMedicAgent.exe  304962c347a6a42dadbca3fe62fb8220 3L7Yljy8AUOmMPLO.0.0.0 , C:\WINDOWS\System32\WaaSMedicAgent.exe  386083c0bb590964d31b9d85c6cbda62 E0e4lJyy5EamNbmbHkymGA.0.1.0.0.0 ,Similar
"rundll32.exe  C:\WINDOWS\system32\davclnt.dll,DavSetCookie  POIJU11.AD.HELSINKI.FI  http://poiju11.ad.helsinki.fi/home/ad.helsinki.fi/home  ","rundll32.exe  C:\WINDOWS\system32\davclnt.dll,DavSetCookie  ad.helsinki.fi  http://ad.helsinki.fi/home/z/zhussain/AppData/Local/Packages/LenovoCorporation.LenovoID_4642shxvsv8s2/LocalState/UAPOOBEDataResponse.xml  ",Similar
 C:\WINDOWS\Lenovo\iMController\PluginHost86\Lenovo.Modern.ImController.PluginHost.Device.exe  -name fe05df25-d06b-438b-b45a-d41e9d1db93d -runas SYSTEM -pluginName GenericTelemetryPlugin -pluginVersion 2.1.0.20 , C:\WINDOWS\Lenovo\iMController\PluginHost\Lenovo.Modern.ImController.PluginHost.Device.exe  -name 0c1cff87-5545-47ca-ab24-8d92c798ab02 -runas SYSTEM -pluginName LenovoSystemUpdatePlugin -pluginVersion 2.0.0.107 ,Similar
 C:\WINDOWS\TEMP\4C9E01F5-F57D-4EAF-89D4-0999F370E7E2\dismhost.exe  {1DC361BA-F87E-4ACD-8208-3C1AE89EAF7E} , C:\WINDOWS\TEMP\80C5DD4F-19BB-4485-A477-8ED76AB6C1A5\dismhost.exe  {025E966C-7DC7-4C4B-B55E-6F44482072AB} ,Similar
 C:\WINDOWS\system32\NOTEPAD.EXE   C:\Users\RDS21bde055271f\study\internship\f-secure\fsecure  data\fsecure data\_year=2020\_month=6\_day=2\_sensor_id=85bd9b2f-cefb-45fe-9d39-36115b19f5d4\85d7ebaf-4ba1-488b-a89d-f1dd7a188054.jsonl.gz , C:\WINDOWS\system32\NOTEPAD.EXE   C:\Users\RDS832708cf3b2a\study\internship\f-secure\man\man-pages-5.01.tar  ,Similar
 C:\WINDOWS\Temp\{1EF6588A-0956-471A-80DE-DC4572F8F88F}\.cr\VC_redist_14.27.29112.0_.x86.exe  -burn.clean.room =  C:\ProgramData\F-Secure\NS\default\swup2\working\deployer\Patches\VC_redist_14.27.29112.0_.x86.exe  -burn.filehandle.attached = 628 -burn.filehandle.self = 704 /passive /norestart /quiet , C:\WINDOWS\Temp\{DB6C514E-406D-4C1C-B110-9CB4F82D0CDF}\.cr\VC_redist_14.27.29112.0_.x64.exe  -burn.clean.room =  C:\ProgramData\F-Secure\NS\default\swup2\working\deployer\Patches\VC_redist_14.27.29112.0_.x64.exe  -burn.filehandle.attached = 652 -burn.filehandle.self = 648 /passive /norestart /quiet ,Similar
" c:\WINDOWS\Microsoft.NET\Framework\v4.0.30319\ngen.exe  install  Microsoft.VisualStudio.Tools.Office.Runtime.Internal, Version=10.0.0.0, Culture=neutral, PublicKeyToken=b03f5f7f11d50a3a  /queue  :  3 /NoDependencies ", c:\WINDOWS\Microsoft.NET\Framework\v4.0.30319\ngen.exe  install  c:\Program Files (x86)\Common Files\Microsoft Shared\VSTA\Pipeline.v10.0\AddInSideAdapters\Microsoft.VisualStudio.Tools.Applications.AddInAdapter.v9.0.dll  /queue  :  3 /NoDependencies ,Similar
 C:\WINDOWS\TEMP\217AAB03-5C66-4E59-91BF-AF2A7F3B955F\dismhost.exe  {C62CFCED-9919-4B18-A16C-11870AFDBFAF} , C:\WINDOWS\TEMP\2E921E59-063E-4CAA-9A94-9E4DADE381DA\dismhost.exe  {DF2AA398-4173-4B10-B202-D3AE3ED667D9} ,Similar
 C:\Program Files (x86)\F-Secure\PSB\Ultralight\sensor\1599569183\fsatpn.exe  FqFYlsyW7IYqhI9oaIL1 cjGpxWuRhunFVyUVSnbZ /ulsdk /mode = 2 /namespace = ul_default , C:\Program Files (x86)\F-Secure\PSB\Ultralight\sensor\1599569183\fsatpn.exe  FqFYlsyW7IYqhI9oaIL1 cjGpxWuRhunFVyUVSnbZ /ulsdk /mode = 2 /namespace = ul_default ,Similar
 C:\Windows\CCM\SCToastNotification.exe   Downloading and installing software   Click to view progress.  , C:\Windows\CCM\SCToastNotification.exe   Software changes are required   Your IT department requires changes to the software on your computer. Click here for options.  ,Similar
 C:\WINDOWS\TEMP\80C5DD4F-19BB-4485-A477-8ED76AB6C1A5\dismhost.exe  {025E966C-7DC7-4C4B-B55E-6F44482072AB} , C:\WINDOWS\TEMP\B7F870F9-1A11-4D87-90B7-58E116787E70\dismhost.exe  {5D010F77-C0C1-4786-8382-F046BE7501AF} ,Similar
" c:\WINDOWS\Microsoft.NET\Framework\v4.0.30319\ngen.exe  install  Microsoft.VisualStudio.Tools.Office.Runtime.v10.0, Version=10.0.0.0, Culture=neutral, PublicKeyToken=b03f5f7f11d50a3a  /queue  :  3 /NoDependencies ", c:\WINDOWS\Microsoft.NET\Framework\v4.0.30319\ngen.exe  install  c:\Program Files (x86)\Common Files\Microsoft Shared\VSTA\Pipeline.v10.0\AddInSideAdapters\Microsoft.VisualStudio.Tools.Applications.AddInAdapter.v9.0.dll  /queue  :  3 /NoDependencies ,Similar
 C:\Program  Files (x86)\Zoom\bin\Zoom.exe --action = preload --runaszvideo = TRUE , C:\Program  Files (x86)\Zoom\bin\Zoom.exe --action = preload --runaszvideo = TRUE --useroption = 4504149475459072 --useroption2 = 1170935903118426176 --useroption3 = 1099517100544 --haszoomim = 1 ,Similar
.\mingw64\bin\git.exe config --system  filter.lfs.required   true  ,.\mingw64\bin\git.exe config --system  http.sslCAInfo   C:/Program Files/Git/mingw64/ssl/certs/ca-bundle.crt  ,Similar
 C:\Windows\Microsoft.NET\Framework64\v4.0.30319\mscorsvw.exe  -StartupEvent 834 -InterruptEvent 0 -NGENProcess 814 -Pipe 818 -Comment  NGen Worker Process  , C:\Windows\Microsoft.NET\Framework\v4.0.30319\mscorsvw.exe  -StartupEvent 64c -InterruptEvent 0 -NGENProcess 680 -Pipe 614 -Comment  NGen Worker Process  ,Similar
 C:\WINDOWS\TEMP\A396AD61-98C2-4FFF-BE66-B1CE45A49EAB\dismhost.exe  {7EC186EB-071F-429A-BA7D-12FBC451F208} , C:\WINDOWS\TEMP\F10D7C9B-B15E-48F2-94B6-7AE5C111A069\dismhost.exe  {4F939337-2FCF-4749-A4C9-B4359BA3688E} ,Similar
 C:\WINDOWS\System32\WaaSMedicAgent.exe  2a904a7efa1246786242abfee7e87fa4 lGgSa3I9akq1SY25olBZjA.0.1.0.0.0 , C:\WINDOWS\System32\WaaSMedicAgent.exe  82efd75b56268f7931b7d4391d22978b +XF85hlkOUm3+oTO7VgggA.0.1.0.0.0 ,Similar
" c:\WINDOWS\Microsoft.NET\Framework\v4.0.30319\ngen.exe  install  Microsoft.VisualStudio.Tools.Office.HostAdapter.v10.0, Version=10.0.0.0, Culture=neutral, PublicKeyToken=b03f5f7f11d50a3a  /queue  :  3 /NoDependencies ", c:\WINDOWS\Microsoft.NET\Framework\v4.0.30319\ngen.exe  install  c:\Program Files (x86)\Common Files\Microsoft Shared\VSTA\Pipeline.v10.0\AddInSideAdapters\Microsoft.VisualStudio.Tools.Applications.AddInAdapter.v9.0.dll  /queue  :  3 /NoDependencies ,Similar
 C:\WINDOWS\System32\WaaSMedicAgent.exe  b7a52cbd0215dc33672d0393b213c69c vGXQ9ObRykyrjCEVmB2Qqw.0.1.0.0.0 , C:\WINDOWS\System32\WaaSMedicAgent.exe  d2fcf8af42ce08eb0ae5c60e680ba310 bLd6Y12pc0Cdf5b+Qf7V0A.0.1.0.0.0 ,Similar
 C:\WINDOWS\TEMP\2AD3EC3F-045C-448A-BE5A-EBB6C91C1D4A\dismhost.exe  {3DFBBEE4-AB16-49A0-9147-BD1037376CAB} , C:\WINDOWS\TEMP\4C9E01F5-F57D-4EAF-89D4-0999F370E7E2\dismhost.exe  {1DC361BA-F87E-4ACD-8208-3C1AE89EAF7E} ,Similar
" c:\WINDOWS\Microsoft.NET\Framework\v4.0.30319\ngen.exe  install  Microsoft.VisualStudio.Tools.Office.Runtime, Version=10.0.0.0, Culture=neutral, PublicKeyToken=b03f5f7f11d50a3a  /queue  :  3 /NoDependencies ", c:\WINDOWS\Microsoft.NET\Framework\v4.0.30319\ngen.exe  install  c:\Program Files (x86)\Common Files\Microsoft Shared\VSTA\Pipeline.v10.0\AddInViews\Microsoft.VisualStudio.Tools.Applications.Runtime.v10.0.dll  /queue  :  3 /NoDependencies ,Similar
 C:\WINDOWS\TEMP\2E921E59-063E-4CAA-9A94-9E4DADE381DA\dismhost.exe  {DF2AA398-4173-4B10-B202-D3AE3ED667D9} , C:\WINDOWS\TEMP\80C5DD4F-19BB-4485-A477-8ED76AB6C1A5\dismhost.exe  {025E966C-7DC7-4C4B-B55E-6F44482072AB} ,Similar
" c:\WINDOWS\Microsoft.NET\Framework\v4.0.30319\ngen.exe  install  Microsoft.VisualStudio.Tools.Office.Runtime.Internal, Version=10.0.0.0, Culture=neutral, PublicKeyToken=b03f5f7f11d50a3a  /queue  :  3 /NoDependencies ", c:\WINDOWS\Microsoft.NET\Framework\v4.0.30319\ngen.exe  install  c:\Program Files (x86)\Common Files\Microsoft Shared\VSTA\Pipeline.v10.0\AddInViews\Microsoft.VisualStudio.Tools.Applications.Runtime.v10.0.dll  /queue  :  3 /NoDependencies ,Similar
 C:\WINDOWS\System32\WaaSMedicAgent.exe  4fa45db968aec010b44a36f03fad89a2 E1tRWyHZmE6GV9Okcvue4w.0.1.0.0.0 , C:\WINDOWS\System32\WaaSMedicAgent.exe  8d8f1b3f76c11d5414e83d7b3afbe217 vDSiYqKU+EO8laa+wEzHfw.0.1.0.0.0 ,Similar
 C:\Program Files\Amazon\AWSCLIV2\aws.exe  cli , C:\Program Files\Amazon\AWSCLIV2\aws.exe  s3 sync  s3://ew1-rds-ds-prd-data-export-hy/data/events/_organization=university_of_helsinki  ,Similar
 c:\WINDOWS\Microsoft.NET\Framework\v4.0.30319\ngen.exe  install  c:\Program Files (x86)\Common Files\Microsoft Shared\VSTA\Pipeline.v10.0\HostSideAdapters\Microsoft.VisualStudio.Tools.Office.HostAdapter.v10.0.dll  /queue  :  3 /NoDependencies ," c:\WINDOWS\Microsoft.NET\Framework\v4.0.30319\ngen.exe  install  Microsoft.VisualStudio.Tools.Office.Word.HostAdapter.v10.0, Version=10.0.0.0, Culture=neutral, PublicKeyToken=b03f5f7f11d50a3a  /queue  :  3 /NoDependencies ",Similar
 C:\Program Files\Amazon\AWSCLIV2\aws.exe  s3 sync , C:\Program Files\Amazon\AWSCLIV2\aws.exe  s3 sync  s3://ew1-rds-ds-prd-data-export-hy/data/events/_organization=university_of_helsinki/C:\Users\zhussain\study\internship\f-secure\fsecure  data\fsecure data\_year=2020 ,Similar
help ,help svchost.exe ,Similar
 C:\ProgramData\F-Secure\NS\default\swup2\working\deployer\Patches\excel2016-kb4484507-fullfile-x86-glb.exe  /passive /norestart /quiet , C:\ProgramData\F-Secure\NS\default\swup2\working\deployer\Patches\lync2016-kb4484501-fullfile-x86-glb.exe  /passive /norestart /quiet ,Similar
"DrvInst.exe  2   211   ROOT\SYSTEM\0002   C:\WINDOWS\INF\oem82.inf   imdriver.inf:c14ce884ab02dec3:LnvAppFrmDevice_Install:1.1.19.5:root\imdriverv2,   4294f16df   00000000000001E4  ",DrvInst.exe  4   1   c:\programdata\lenovo\imcontroller\temp\installer\imdriver.inf   9   4294f16df   0000000000000164   WinSta0\Default   00000000000001B4   208   c:\programdata\lenovo\imcontroller\temp\installer  ,Similar
" c:\WINDOWS\Microsoft.NET\Framework\v4.0.30319\ngen.exe  install  Microsoft.VisualStudio.Tools.Applications.Runtime.v10.0, Version=10.0.0.0, Culture=neutral, PublicKeyToken=b03f5f7f11d50a3a  /queue  :  3 /NoDependencies ", c:\WINDOWS\Microsoft.NET\Framework64\v4.0.30319\ngen.exe  install  c:\Program Files (x86)\Common Files\Microsoft Shared\VSTA\Pipeline.v10.0\HostSideAdapters\Microsoft.VisualStudio.Tools.Office.Word.HostAdapter.v10.0.dll  /queue  :  3 /NoDependencies ,Similar
 C:\ProgramData\F-Secure\NS\default\swup2\working\deployer\Patches\ace2016-kb4484431-fullfile-x86-glb.exe  /passive /norestart /quiet , C:\ProgramData\F-Secure\NS\default\swup2\working\deployer\Patches\mso2016-kb4484466-fullfile-x86-glb.exe  /passive /norestart /quiet ,Similar
 C:\WINDOWS\system32\NOTEPAD.EXE   C:\Users\zhussain\study\internship\f-secure\aws_sync.txt  , C:\WINDOWS\system32\NOTEPAD.EXE   C:\Users\zhussain\study\internship\f-secure\fsecure  data\fsecure data\_year=2020\_month=6\_day=22\_sensor_id=3e6599e7-f984-4167-9044-775638385318\def10613-1979-4dc4-acae-5d7b69ffa80a.jsonl ,Similar
 C:\WINDOWS\TEMP\895BFD1F-4C71-4481-9F07-784FB42E01D7\dismhost.exe  {1B090F14-1172-432D-BEB3-0D8891925437} , C:\WINDOWS\TEMP\B7F870F9-1A11-4D87-90B7-58E116787E70\dismhost.exe  {5D010F77-C0C1-4786-8382-F046BE7501AF} ,Similar
" c:\WINDOWS\Microsoft.NET\Framework64\v4.0.30319\ngen.exe  install  Microsoft.Office.Tools.Excel, Version=10.0.0.0, Culture=neutral, PublicKeyToken=b03f5f7f11d50a3a  /queue  :  3 /NoDependencies ", c:\WINDOWS\Microsoft.NET\Framework\v4.0.30319\ngen.exe  install  c:\Program Files (x86)\Common Files\Microsoft Shared\VSTA\Pipeline.v10.0\HostSideAdapters\Microsoft.VisualStudio.Tools.Office.Excel.HostAdapter.v10.0.dll  /queue  :  3 /NoDependencies ,Similar
 C:\WINDOWS\system32\NOTEPAD.EXE   C:\Users\zhussain\AppData\Local\Temp\Temp1_Vol-2612.zip\Vol-2612\changes-2020-06-05.txt  , C:\WINDOWS\system32\NOTEPAD.EXE   C:\Users\zhussain\study\internship\vscode\00d5664c-184b-417d-a79f-baa285453709.txt  ,Similar
 C:\Windows\Microsoft.NET\Framework\v4.0.30319\mscorsvw.exe  -StartupEvent 398 -InterruptEvent 0 -NGENProcess 370 -Pipe 394 -Comment  NGen Worker Process  , C:\Windows\Microsoft.NET\Framework\v4.0.30319\mscorsvw.exe  -StartupEvent 398 -InterruptEvent 0 -NGENProcess 370 -Pipe 394 -Comment  NGen Worker Process  ,Similar
 C:\WINDOWS\System32\WaaSMedicAgent.exe  e199acc060a1fe2618b52dac41c98aed MROUNatmfUGer5U01uSG+w.0.1.0.0.0 , C:\WINDOWS\System32\WaaSMedicAgent.exe  e6e756b4fa16fcf3705c5eb212d0fe73 qPGevqJIlk+eCYnvITiIVA.0.1.0.0.0 ,Similar
 C:\Windows\Microsoft.NET\Framework64\v4.0.30319\mscorsvw.exe  -StartupEvent 224 -InterruptEvent 0 -NGENProcess 458 -Pipe 394 -Comment  NGen Worker Process  , C:\Windows\Microsoft.NET\Framework64\v4.0.30319\mscorsvw.exe  -StartupEvent 16c -InterruptEvent 0 -NGENProcess 2f4 -Pipe 320 -Comment  NGen Worker Process  ,Similar
 C:\WINDOWS\System32\WaaSMedicAgent.exe  04085d60fabdd16cc9e4740eefe9e141 5p9sEBf3wUuFjmzc.0.0.0 , C:\WINDOWS\System32\WaaSMedicAgent.exe  27d44d3033658bb638c5127f2e504a30 V46yIv2S6ECjLvmtecxIqA.0.1.0.0.0 ,Similar
 C:\WINDOWS\System32\WaaSMedicAgent.exe  27d44d3033658bb638c5127f2e504a30 V46yIv2S6ECjLvmtecxIqA.0.1.0.0.0 , C:\WINDOWS\System32\WaaSMedicAgent.exe  5359dff7d3b1f75e59bad7f9e2fa0d81 cSp2103x+kOcqszo.0.0.0 ,Similar
 C:\WINDOWS\TEMP\928E5EDF-4C8F-43D9-9B0D-EF4BCA335B32\dismhost.exe  {C779215C-3C71-4307-8E31-06A10DB74350} , C:\WINDOWS\TEMP\B7F870F9-1A11-4D87-90B7-58E116787E70\dismhost.exe  {5D010F77-C0C1-4786-8382-F046BE7501AF} ,Similar
" c:\WINDOWS\Microsoft.NET\Framework\v4.0.30319\ngen.exe  install  Microsoft.VisualStudio.Tools.Office.Contract.v10.0, Version=10.0.0.0, Culture=neutral, PublicKeyToken=b03f5f7f11d50a3a  /queue  :  3 /NoDependencies ", c:\WINDOWS\Microsoft.NET\Framework\v4.0.30319\ngen.exe  install  c:\Program Files (x86)\Common Files\Microsoft Shared\VSTA\Pipeline.v10.0\AddInSideAdapters\Microsoft.VisualStudio.Tools.Office.AddInAdapter.v9.0.dll  /queue  :  3 /NoDependencies ,Similar
DrvInst.exe  1   0   SWD\WPDBUSENUM\_??_USBSTOR#Disk&Ven_USB_2.0&Prod_Flash_Drive&Rev_8.07#1EA25BDB&0#{53f56307-b6bf-11d0-94f2-00a0c91efb8b}         423f9833f   0000000000000000  ,DrvInst.exe  5   0   C:\WINDOWS\System32\DriverStore\FileRepository\vmusb.inf_amd64_2785f0612489e887\vmusb.inf   0   498e41427   00000000000001B8   WinSta0\Default  ,Similar
 C:\WINDOWS\system32\NOTEPAD.EXE   C:\Users\RDS21bde055271f\study\internship\vscode\data.txt  , C:\WINDOWS\system32\NOTEPAD.EXE   C:\Users\zhussain\AppData\Local\Temp\Temp1_Vol-2612.zip\Vol-2612\changes-2020-06-11.txt  ,Similar
aws configure ,aws help ,Similar
 C:\WINDOWS\System32\WaaSMedicAgent.exe  e6e756b4fa16fcf3705c5eb212d0fe73 qPGevqJIlk+eCYnvITiIVA.0.1.0.0.0 , C:\WINDOWS\System32\WaaSMedicAgent.exe  f6e8e7f9866e8c53d67827e51a877dda 3dRXVl579ku5kmEG.0.0.0 ,Similar
 C:\Windows\Microsoft.NET\Framework64\v4.0.30319\ngen.exe  uninstall  C:\WINDOWS\assembly\NativeImages_v4.0.30319_64\System.Activities\94827f4f52a143921062855e2a54b268\System.Activities.ni.dll  /noroot /LegacyServiceBehavior , C:\Windows\Microsoft.NET\Framework\v4.0.30319\ngen.exe  uninstall  C:\WINDOWS\assembly\NativeImages_v2.0.50727_32\System.Management\65b7c0c9b5827f0e120f5973554430f6\System.Management.ni.dll  /noroot /LegacyServiceBehavior ,Similar
 C:\WINDOWS\TEMP\43633225-94A5-4585-A91D-C07B8319D810\dismhost.exe  {18ADA5A3-261D-4BF7-BD03-E8F14D5037A3} , C:\WINDOWS\TEMP\7123B021-A23C-4AD4-B9AE-D04244569B9D\dismhost.exe  {A58A42A7-2B1D-4234-88FA-63C229E1AB24} ,Similar
 C:\WINDOWS\System32\WaaSMedicAgent.exe  2a904a7efa1246786242abfee7e87fa4 lGgSa3I9akq1SY25olBZjA.0.1.0.0.0 , C:\WINDOWS\System32\WaaSMedicAgent.exe  2c827af73788a5a3b33e7552e7e77a83 pKydUFmm4UidlQQD.0.0.0 ,Similar
 C:\Program Files (x86)\F-Secure\PSB\Ultralight\ulu\1591258926\ulu.exe  --aua-channel =  capricorn-win64  --aua-version =  1593574004  --aua-path =  C:\ProgramData\F-Secure\NS\default\GUTS2\capricorn-win64\1593574004  , C:\Program Files (x86)\F-Secure\PSB\Ultralight\ulu\1591258926\ulu.exe  --aua-channel =  capricorn-win64  --aua-version =  1593683810  --aua-path =  C:\ProgramData\F-Secure\NS\default\GUTS2\capricorn-win64\1593683810  ,Similar
.\mingw64\bin\git.exe config --system  filter.lfs.clean   git-lfs clean -- %f  ,.\mingw64\bin\git.exe config --system  http.sslCAInfo   C:/Program Files/Git/mingw64/ssl/certs/ca-bundle.crt  ,Similar
 C:\WINDOWS\TEMP\D8B6F946-D492-4E87-815C-25A428A2F7F7\dismhost.exe  {2CE9E306-9D1F-470C-8515-3D9C7425E183} , C:\WINDOWS\TEMP\E0BD5F2D-0263-4F8A-B15C-8A279AB3CFB0\dismhost.exe  {0F85E5AB-D2E3-4490-B1A6-7577B9A53A4C} ,Similar
 C:\Users\Localadmin_zhussain\AppData\Roaming\Macromedia\Flash Player\www.macromedia.com\bin\adobeconnectaddin\adobeconnectaddin.exe  /uninstall , C:\Users\zhussain\AppData\Roaming\Macromedia\Flash Player\www.macromedia.com\bin\adobeconnectaddin\adobeconnectaddin.exe  /uninstall ,Similar
 C:\WINDOWS\System32\WaaSMedicAgent.exe  04085d60fabdd16cc9e4740eefe9e141 5p9sEBf3wUuFjmzc.0.0.0 , C:\WINDOWS\System32\WaaSMedicAgent.exe  53f1c6241ed239f59b4aa85dab20ab0a V0NGDVWkFke41c4kPFe6Aw.0.1.0.0.0 ,Similar
 C:\WINDOWS\TEMP\095F688A-DAF2-4C1D-9DD2-C21052F84E7C\dismhost.exe  {2F396577-9A28-4F34-92ED-FF6B0C31A9AA} , C:\WINDOWS\TEMP\25FE10B1-A5D7-4EBC-BD5B-D73CA997D01E\dismhost.exe  {72783E2F-7A1C-4129-9E89-0549223DF29F} ,Similar
 C:\WINDOWS\TEMP\3B0C8658-4994-472C-ACEE-88A6BF795E70\dismhost.exe  {1ECC24A4-FB51-4370-A6E8-F8F2A85BD830} , C:\WINDOWS\TEMP\47885689-3448-4D9F-B623-0A0B3328D028\dismhost.exe  {95F70736-586C-4413-B117-AE99882FBD1E} ,Similar
 C:\Windows\Microsoft.NET\Framework\v4.0.30319\mscorsvw.exe  -StartupEvent 318 -InterruptEvent 0 -NGENProcess 2cc -Pipe 2e4 -Comment  NGen Worker Process  , C:\Windows\Microsoft.NET\Framework\v4.0.30319\mscorsvw.exe  -StartupEvent 3f8 -InterruptEvent 0 -NGENProcess 3ec -Pipe 3f4 -Comment  NGen Worker Process  ,Similar
 C:\WINDOWS\TEMP\3B0C8658-4994-472C-ACEE-88A6BF795E70\dismhost.exe  {1ECC24A4-FB51-4370-A6E8-F8F2A85BD830} , C:\WINDOWS\TEMP\7123B021-A23C-4AD4-B9AE-D04244569B9D\dismhost.exe  {A58A42A7-2B1D-4234-88FA-63C229E1AB24} ,Similar
 C:\WINDOWS\system32\NOTEPAD.EXE   C:\Users\zhussain\study\internship\Economics\data\text_files\companies\2457_1995_737.txt  , C:\WINDOWS\system32\NOTEPAD.EXE   C:\Users\zhussain\study\internship\f-secure\fsecure  data\fsecure data\_year=2020\_month=6\_day=22\_sensor_id=3e6599e7-f984-4167-9044-775638385318\0ee1f2d3-9a48-49e0-83fe-e5f34fc48320.jsonl ,Similar
 C:\Windows\Microsoft.NET\Framework64\v4.0.30319\mscorsvw.exe  -StartupEvent 368 -InterruptEvent 0 -NGENProcess 344 -Pipe 370 -Comment  NGen Worker Process  , C:\Windows\Microsoft.NET\Framework64\v4.0.30319\mscorsvw.exe  -StartupEvent 40c -InterruptEvent 0 -NGENProcess 49c -Pipe 4c8 -Comment  NGen Worker Process  ,Similar
 C:\WINDOWS\system32\NOTEPAD.EXE   C:\Users\RDS21bde055271f\study\internship\f-secure\meeting_points  25-06.txt , C:\WINDOWS\system32\NOTEPAD.EXE   C:\Users\zhussain\AppData\Local\Temp\Temp1_Vol-2612.zip\Vol-2612\changes-2020-06-05.txt  ,Similar
 C:\WINDOWS\system32\NOTEPAD.EXE   C:\Users\RDS832708cf3b2a\study\internship\f-secure\meeting_points  25-06.txt , C:\WINDOWS\system32\NOTEPAD.EXE   C:\Users\zhussain\AppData\Local\Temp\Temp1_Vol-2612.zip\Vol-2612\changes-2020-06-11.txt  ,Similar
git commit -m  i have added a test file  ,git commit -m  this is for new branch  ,Similar
 C:\WINDOWS\TEMP\0D8F5E00-23B9-45AB-8FBE-A2CD92D11563\dismhost.exe  {DA109824-AB62-4DC9-BA93-0166FA06B358} , C:\WINDOWS\TEMP\25FE10B1-A5D7-4EBC-BD5B-D73CA997D01E\dismhost.exe  {72783E2F-7A1C-4129-9E89-0549223DF29F} ,Similar
 C:\WINDOWS\TEMP\225312BA-8B6C-4140-8DDA-D1E0A521D7BA\dismhost.exe  {6DD7B887-3BC6-440A-9B6F-F997BA9B1836} , C:\WINDOWS\TEMP\43633225-94A5-4585-A91D-C07B8319D810\dismhost.exe  {18ADA5A3-261D-4BF7-BD03-E8F14D5037A3} ,Similar
 wevtutil  um  C:\Program Files (x86)\F-Secure\PSB\Ultralight\ulcore\1594813445\FSecureUltralightSDK.man  , wevtutil.exe  im  C:\Program Files (x86)\Common Files\Microsoft Shared\OFFICE16\AirSpace.Etw.man  ,Similar
 C:\WINDOWS\system32\CompatTelRunner.exe  -m  :  invagent.dll -f  :  RunUpdate -cv  :  2Fif76PXuEKRFQtL.5 , C:\WINDOWS\system32\CompatTelRunner.exe  -m  :  invagent.dll -f  :  RunUpdate -cv  :  IAvXP+KeWUqF9TRF.5 ,Similar
 C:\WINDOWS\TEMP\217AAB03-5C66-4E59-91BF-AF2A7F3B955F\dismhost.exe  {C62CFCED-9919-4B18-A16C-11870AFDBFAF} , C:\WINDOWS\TEMP\80C5DD4F-19BB-4485-A477-8ED76AB6C1A5\dismhost.exe  {025E966C-7DC7-4C4B-B55E-6F44482072AB} ,Similar
 C:\Windows\Microsoft.NET\Framework64\v4.0.30319\mscorsvw.exe  -StartupEvent 354 -InterruptEvent 0 -NGENProcess 348 -Pipe 350 -Comment  NGen Worker Process  , C:\Windows\Microsoft.NET\Framework64\v4.0.30319\mscorsvw.exe  -StartupEvent 35c -InterruptEvent 0 -NGENProcess 2e4 -Pipe 390 -Comment  NGen Worker Process  ,Similar
 C:\WINDOWS\System32\WaaSMedicAgent.exe  5359dff7d3b1f75e59bad7f9e2fa0d81 cSp2103x+kOcqszo.0.0.0 , C:\WINDOWS\System32\WaaSMedicAgent.exe  82efd75b56268f7931b7d4391d22978b +XF85hlkOUm3+oTO7VgggA.0.1.0.0.0 ,Similar
 C:\WINDOWS\TEMP\F53A26EE-A89C-4797-8D98-D13CA1C669AD\dismhost.exe  {DA068038-99B9-47D1-8CB2-3BC656D84360} , C:\WINDOWS\TEMP\FF02D9C5-A036-41A5-8AB2-CA10529C1332\dismhost.exe  {9F2C320C-AF7D-41E9-BDF9-F1B5EC6E579C} ,Similar
 C:\WINDOWS\System32\WaaSMedicAgent.exe  f4bbc461f9fc7f8fc1a6c6429af0696f ErFc8CLM00iW3D/x.0.0.0 , C:\WINDOWS\System32\WaaSMedicAgent.exe  fbac091fcd4ed9f6354c7260ff219be0 hEmo4Y7LokieMcOBwtyXrw.0.1.0.0.0 ,Similar
" c:\WINDOWS\Microsoft.NET\Framework\v4.0.30319\ngen.exe  install  Microsoft.VisualStudio.Tools.Office.Word.HostAdapter.v10.0, Version=10.0.0.0, Culture=neutral, PublicKeyToken=b03f5f7f11d50a3a  /queue  :  3 /NoDependencies ", c:\WINDOWS\Microsoft.NET\Framework\v4.0.30319\ngen.exe  install  c:\Program Files (x86)\Common Files\Microsoft Shared\VSTA\Pipeline.v10.0\AddInViews\Microsoft.VisualStudio.Tools.Applications.Runtime.v10.0.dll  /queue  :  3 /NoDependencies ,Similar
 C:\Windows\Microsoft.NET\Framework64\v4.0.30319\mscorsvw.exe  -StartupEvent 2e4 -InterruptEvent 0 -NGENProcess 4fc -Pipe 404 -Comment  NGen Worker Process  , C:\Windows\Microsoft.NET\Framework64\v4.0.30319\mscorsvw.exe  -StartupEvent 54c -InterruptEvent 0 -NGENProcess 530 -Pipe 544 -Comment  NGen Worker Process  ,Similar
"DrvInst.exe  2   211   ROOT\SYSTEM\0002   C:\WINDOWS\INF\oem86.inf   imdriver.inf:c14ce884ab02dec3:LnvAppFrmDevice_Install:1.1.19.6:root\imdriverv2,   4294f16df   00000000000001C4  ",DrvInst.exe  5   0   C:\WINDOWS\System32\DriverStore\FileRepository\vmusb.inf_amd64_2785f0612489e887\vmusb.inf   0   498e41427   00000000000001B8   WinSta0\Default  ,Similar
 C:\WINDOWS\System32\WaaSMedicAgent.exe  386083c0bb590964d31b9d85c6cbda62 E0e4lJyy5EamNbmbHkymGA.0.1.0.0.0 , C:\WINDOWS\System32\WaaSMedicAgent.exe  8df7e2172cd18a54b140212cf0ab797e W0EqdJCs0k6/xPxTnDdsqQ.0.1.0.0.0 ,Similar
" c:\WINDOWS\Microsoft.NET\Framework64\v4.0.30319\ngen.exe  install  Microsoft.Office.Tools.Word.Implementation, Version=10.0.0.0, Culture=neutral, PublicKeyToken=b03f5f7f11d50a3a  /queue  :  3 /NoDependencies ", c:\WINDOWS\Microsoft.NET\Framework64\v4.0.30319\ngen.exe  install  c:\Program Files (x86)\Common Files\Microsoft Shared\VSTA\Pipeline.v10.0\AddInViews\Microsoft.Office.Tools.v9.0.dll  /queue  :  3 /NoDependencies ,Similar
 C:\WINDOWS\system32\Windows.WARP.JITService.exe  2677834b-7cf9-49bf-a58f-2152c95ed846 S-1-15-2-3624051433-2125758914-1423191267-1740899205-1073925389-3782572162-737981194-2385269614-3243675-834220592-3047885450 S-1-5-21-16020293-282541685-632688529-351739 140 , C:\WINDOWS\system32\Windows.WARP.JITService.exe  55bbdeff-b1da-4a0c-ae5b-3c5f4e9cedd0 S-1-15-2-3624051433-2125758914-1423191267-1740899205-1073925389-3782572162-737981194-4256926629-1688279915-2739229046-3928706915 S-1-5-21-16020293-282541685-632688529-351739 568 ,Similar
 C:\WINDOWS\TEMP\4C9E01F5-F57D-4EAF-89D4-0999F370E7E2\dismhost.exe  {1DC361BA-F87E-4ACD-8208-3C1AE89EAF7E} , C:\WINDOWS\TEMP\A396AD61-98C2-4FFF-BE66-B1CE45A49EAB\dismhost.exe  {7EC186EB-071F-429A-BA7D-12FBC451F208} ,Similar
 C:\WINDOWS\System32\WaaSMedicAgent.exe  98d4ece77c6a47e40c9fd93e5c6c6e8d 2toglbja6ku6nER4.0.0.0 , C:\WINDOWS\System32\WaaSMedicAgent.exe  992a39a7918b598d94af9e32aeb62db5 +foKjjxW1EqVLy7cP+cObQ.0.1.0.0.0 ,Similar
 C:\WINDOWS\System32\WaaSMedicAgent.exe  b7a52cbd0215dc33672d0393b213c69c vGXQ9ObRykyrjCEVmB2Qqw.0.1.0.0.0 , C:\WINDOWS\System32\WaaSMedicAgent.exe  ed6c8d9dbcdec0f2e39f8f898e8cd879 3gfpgCbAwkaSp+pZ/WWpXA.0.1.0.0.0 ,Similar
 C:\Windows\Microsoft.NET\Framework64\v4.0.30319\mscorsvw.exe  -StartupEvent 1b4 -InterruptEvent 0 -NGENProcess 1a8 -Pipe 1b0 -Comment  NGen Worker Process  , C:\Windows\Microsoft.NET\Framework64\v4.0.30319\mscorsvw.exe  -StartupEvent 3c0 -InterruptEvent 0 -NGENProcess 360 -Pipe 3ac -Comment  NGen Worker Process  ,Similar
 C:\WINDOWS\system32\NOTEPAD.EXE   C:\Users\RDS21bde055271f\study\PhD\things  to do.txt , C:\WINDOWS\system32\NOTEPAD.EXE   C:\Users\RDS21bde055271f\study\internship\f-secure\fsecure  data\fsecure data\_year=2020\_month=6\_day=2\_sensor_id=85bd9b2f-cefb-45fe-9d39-36115b19f5d4\00d5664c-184b-417d-a79f-baa285453709.jsonl.gz ,Similar
aws help , C:\Program Files\Amazon\AWSCLIV2\aws.exe  ,Similar
 C:\WINDOWS\ccmcache\3u\ccmsetup.exe  /AutoUpgrade /UpgradePackageVersion  :  1 , C:\WINDOWS\ccmsetup\ccmsetup.exe  /runservice /AutoUpgrade /UpgradePackageVersion  :  1 /UpgradeWinTask ,Similar
 C:\Program Files\Amazon\AWSCLIV2\aws.exe  s3 sync  s3://ew1-rds-ds-prd-data-export-hy/data/events/_organization=university_of_helsinki/C:\Users\zhussain\study\internship\f-secure\fsecure  data\fsecure data\_year=2020 ,aws aws-shell ,Similar
DrvInst.exe  1   0   SWD\WPDBUSENUM\_??_USBSTOR#Disk&Ven_USB_2.0&Prod_Flash_Drive&Rev_8.07#1EA25BDB&0#{53f56307-b6bf-11d0-94f2-00a0c91efb8b}         423f9833f   0000000000000000  ,DrvInst.exe  1   0   {FE36527A-8C07-4854-8AF7-BF40E7DF52F7}\JNPRVA\0001         4cc8a208f   0000000000000000  ,Similar
" c:\WINDOWS\Microsoft.NET\Framework64\v4.0.30319\ngen.exe  install  Microsoft.VisualStudio.Tools.Office.Runtime.v10.0, Version=10.0.0.0, Culture=neutral, PublicKeyToken=b03f5f7f11d50a3a  /queue  :  3 /NoDependencies ", c:\WINDOWS\Microsoft.NET\Framework64\v4.0.30319\ngen.exe  install  c:\Program Files (x86)\Common Files\Microsoft Shared\VSTA\Pipeline.v10.0\AddInViews\Microsoft.Office.Tools.v9.0.dll  /queue  :  3 /NoDependencies ,Similar
 c:\Windows\syswow64\MsiExec.exe  -Embedding CE0A22B2DBC7422B27A29F5068CBC884 E Global\MSI0000 , C:\Windows\syswow64\MsiExec.exe  -Embedding CD365CA07290774388ED60021149F8E5 E Global\MSI0000 ,Similar
 C:\ProgramData\F-Secure\NS\default\swup2\working\deployer\Patches\ace2016-kb4484431-fullfile-x86-glb.exe  /passive /norestart /quiet , C:\ProgramData\F-Secure\NS\default\swup2\working\deployer\Patches\graph2016-kb4484513-fullfile-x86-glb.exe  /passive /norestart /quiet ,Similar
 C:\WINDOWS\System32\WaaSMedicAgent.exe  d2fcf8af42ce08eb0ae5c60e680ba310 bLd6Y12pc0Cdf5b+Qf7V0A.0.1.0.0.0 , C:\WINDOWS\System32\WaaSMedicAgent.exe  ed6c8d9dbcdec0f2e39f8f898e8cd879 3gfpgCbAwkaSp+pZ/WWpXA.0.1.0.0.0 ,Similar
DrvInst.exe  1   0   {FE36527A-8C07-4854-8AF7-BF40E7DF52F7}\JNPRVA\0001         4cc8a208f   0000000000000000  ,DrvInst.exe  4   1   c:\programdata\lenovo\imcontroller\temp\installer\imdriver.inf   9   4294f16df   0000000000000164   WinSta0\Default   00000000000001B4   208   c:\programdata\lenovo\imcontroller\temp\installer  ,Similar
PIP install tensorflow --upgrade ,pip3 install tensorflow --upgrade ,Similar
aws help , C:\Program Files\Amazon\AWSCLIV2\aws.exe  ,Similar
 C:\WINDOWS\System32\WaaSMedicAgent.exe  992a39a7918b598d94af9e32aeb62db5 +foKjjxW1EqVLy7cP+cObQ.0.1.0.0.0 , C:\WINDOWS\System32\WaaSMedicAgent.exe  b7a52cbd0215dc33672d0393b213c69c vGXQ9ObRykyrjCEVmB2Qqw.0.1.0.0.0 ,Similar
 C:\WINDOWS\system32\wevtutil.exe  um  C:\WINDOWS\CCM\ConfigMgrEvents.man  , wevtutil  um  C:\Program Files (x86)\F-Secure\PSB\Ultralight\ulcore\1594813445\FSecureUltralightSDK.man  ,Similar
 C:\Windows\Microsoft.NET\Framework\v4.0.30319\mscorsvw.exe  -StartupEvent 54c -InterruptEvent 0 -NGENProcess 5a0 -Pipe 540 -Comment  NGen Worker Process  , C:\Windows\Microsoft.NET\Framework\v4.0.30319\mscorsvw.exe  -StartupEvent 760 -InterruptEvent 0 -NGENProcess 7ac -Pipe 7cc -Comment  NGen Worker Process  ,Similar
 C:\WINDOWS\TEMP\D8B6F946-D492-4E87-815C-25A428A2F7F7\dismhost.exe  {2CE9E306-9D1F-470C-8515-3D9C7425E183} , C:\WINDOWS\TEMP\FF02D9C5-A036-41A5-8AB2-CA10529C1332\dismhost.exe  {9F2C320C-AF7D-41E9-BDF9-F1B5EC6E579C} ,Similar
 C:\Windows\Microsoft.NET\Framework64\v4.0.30319\mscorsvw.exe  -StartupEvent 5a0 -InterruptEvent 0 -NGENProcess 2dc -Pipe 3a4 -Comment  NGen Worker Process  , C:\Windows\Microsoft.NET\Framework\v4.0.30319\mscorsvw.exe  -StartupEvent a70 -InterruptEvent 0 -NGENProcess a5c -Pipe a74 -Comment  NGen Worker Process  ,Similar
 C:\Users\Localadmin_zhussain\AppData\Roaming\Adobe\Connect\connectdetector.exe  , C:\Users\zhussain\AppData\Roaming\Adobe\Connect\connectdetector.exe  ,Similar
 C:\WINDOWS\System32\WaaSMedicAgent.exe  304962c347a6a42dadbca3fe62fb8220 3L7Yljy8AUOmMPLO.0.0.0 , C:\WINDOWS\System32\WaaSMedicAgent.exe  7ad43b306fba7b64af22e4272759ecc2 K5odM8IFA0SjNMK8qUYRLA.0.1.0.0.0 ,Similar
 c:\WINDOWS\Microsoft.NET\Framework64\v4.0.30319\ngen.exe  install  c:\Program Files (x86)\Common Files\Microsoft Shared\VSTA\Pipeline.v10.0\HostSideAdapters\Microsoft.VisualStudio.Tools.Office.Word.HostAdapter.v10.0.dll  /queue  :  3 /NoDependencies ," c:\WINDOWS\Microsoft.NET\Framework\v4.0.30319\ngen.exe  install  Microsoft.Office.Tools.Word, Version=10.0.0.0, Culture=neutral, PublicKeyToken=b03f5f7f11d50a3a  /queue  :  3 /NoDependencies ",Similar
 C:\WINDOWS\System32\WaaSMedicAgent.exe  98d4ece77c6a47e40c9fd93e5c6c6e8d 2toglbja6ku6nER4.0.0.0 , C:\WINDOWS\System32\WaaSMedicAgent.exe  ed6c8d9dbcdec0f2e39f8f898e8cd879 3gfpgCbAwkaSp+pZ/WWpXA.0.1.0.0.0 ,Similar
 c:\WINDOWS\Microsoft.NET\Framework64\v4.0.30319\ngen.exe  install  c:\Program Files (x86)\Common Files\Microsoft Shared\VSTA\Pipeline.v10.0\HostSideAdapters\Microsoft.VisualStudio.Tools.Office.HostAdapter.v10.0.dll  /queue  :  3 /NoDependencies ," c:\WINDOWS\Microsoft.NET\Framework\v4.0.30319\ngen.exe  install  Microsoft.Office.Tools.Excel, Version=10.0.0.0, Culture=neutral, PublicKeyToken=b03f5f7f11d50a3a  /queue  :  3 /NoDependencies ",Similar
 C:\WINDOWS\TEMP\B7F870F9-1A11-4D87-90B7-58E116787E70\dismhost.exe  {5D010F77-C0C1-4786-8382-F046BE7501AF} , C:\WINDOWS\TEMP\FF02D9C5-A036-41A5-8AB2-CA10529C1332\dismhost.exe  {9F2C320C-AF7D-41E9-BDF9-F1B5EC6E579C} ,Similar
" c:\WINDOWS\Microsoft.NET\Framework64\v4.0.30319\ngen.exe  install  Microsoft.VisualStudio.Tools.Office.Contract.v10.0, Version=10.0.0.0, Culture=neutral, PublicKeyToken=b03f5f7f11d50a3a  /queue  :  3 /NoDependencies ", c:\WINDOWS\Microsoft.NET\Framework64\v4.0.30319\ngen.exe  install  c:\Program Files (x86)\Common Files\Microsoft Shared\VSTA\Pipeline.v10.0\AddInSideAdapters\Microsoft.VisualStudio.Tools.Applications.AddInAdapter.v9.0.dll  /queue  :  3 /NoDependencies ,Similar
 C:\WINDOWS\system32\NOTEPAD.EXE   C:\Users\RDS832708cf3b2a\study\internship\f-secure\man\man-pages-5.01.tar  , C:\WINDOWS\system32\NOTEPAD.EXE   C:\Users\zhussain\AppData\Roaming\jupyter\runtime\kernel-f30d0af3-1930-4a26-b9c3-227953dad61d.json  ,Similar
 C:\WINDOWS\system32\NOTEPAD.EXE   C:\Users\RDS21bde055271f\study\internship\f-secure\meeting_points  25-06.txt , C:\WINDOWS\system32\NOTEPAD.EXE   C:\Users\zhussain\study\internship\f-secure\fsecure  data\fsecure data\_year=2020\_month=6\_day=22\_sensor_id=85bd9b2f-cefb-45fe-9d39-36115b19f5d4\37745a56-bf14-4375-af61-cae24b0b98e7.jsonl.gz ,Similar
 C:\Program Files\Amazon\AWSCLIV2\aws.exe  s3 sync , C:\Program Files\Amazon\AWSCLIV2\aws.exe  s3 sync  s3://ew1-rds-ds-prd-data-export-hy/data/events/_organization=university_of_helsinki  ,Similar
 C:\WINDOWS\system32\NOTEPAD.EXE   C:\Users\zhussain\study\internship\f-secure\Juka  s points.txt , C:\WINDOWS\system32\NOTEPAD.EXE   C:\Users\zhussain\study\internship\f-secure\fsecure  data\fsecure data\_year=2020\_month=6\_day=22\_sensor_id=3e6599e7-f984-4167-9044-775638385318\f9e8a3a8-b270-44af-8406-de6b9bf76e02.jsonl ,Similar
 C:\WINDOWS\System32\WaaSMedicAgent.exe  8d8f1b3f76c11d5414e83d7b3afbe217 vDSiYqKU+EO8laa+wEzHfw.0.1.0.0.0 , C:\WINDOWS\System32\WaaSMedicAgent.exe  98d4ece77c6a47e40c9fd93e5c6c6e8d 2toglbja6ku6nER4.0.0.0 ,Similar
.\mingw64\bin\git.exe config --system  filter.lfs.smudge   git-lfs smudge -- %f  , C:\WINDOWS\system32\cmd.exe  /C .\mingw64\bin\git.exe config --system --unset  credential.https://dev.azure.com.useHttpPath  >  C:\WINDOWS\TEMP\is-ET085.tmp\config-set.out   2>C:\WINDOWS\TEMP\is-ET085.tmp\config-set.err  ,Similar
 C:\WINDOWS\TEMP\2E921E59-063E-4CAA-9A94-9E4DADE381DA\dismhost.exe  {DF2AA398-4173-4B10-B202-D3AE3ED667D9} , C:\WINDOWS\TEMP\47885689-3448-4D9F-B623-0A0B3328D028\dismhost.exe  {95F70736-586C-4413-B117-AE99882FBD1E} ,Similar
 C:\WINDOWS\system32\NOTEPAD.EXE   C:\Users\zhussain\study\internship\f-secure\fsecure  data\fsecure data\_year=2020\_month=6\_day=22\_sensor_id=3e6599e7-f984-4167-9044-775638385318\def10613-1979-4dc4-acae-5d7b69ffa80a.jsonl , C:\WINDOWS\system32\NOTEPAD.EXE   C:\Users\zhussain\study\internship\f-secure\man\man-pages-5.01.tar  ,Similar
 C:\WINDOWS\system32\NOTEPAD.EXE   C:\Users\RDS832708cf3b2a\study\internship\f-secure\man\man-pages-5.01.tar  , C:\WINDOWS\system32\NOTEPAD.EXE   C:\Users\zhussain\study\internship\f-secure\fsecure  data\fsecure data\_year=2020\_month=6\_day=22\_sensor_id=3e6599e7-f984-4167-9044-775638385318\def10613-1979-4dc4-acae-5d7b69ffa80a.jsonl ,Similar
 C:\ProgramData\F-Secure\NS\default\swup2\working\deployer\Patches\msodll202016-kb4484251-fullfile-x86-glb.exe  /passive /norestart /quiet , C:\ProgramData\F-Secure\NS\default\swup2\working\deployer\Patches\word2016-kb4484510-fullfile-x86-glb.exe  /passive /norestart /quiet ,Similar
 C:\WINDOWS\TEMP\895BFD1F-4C71-4481-9F07-784FB42E01D7\dismhost.exe  {1B090F14-1172-432D-BEB3-0D8891925437} , C:\WINDOWS\TEMP\F10D7C9B-B15E-48F2-94B6-7AE5C111A069\dismhost.exe  {4F939337-2FCF-4749-A4C9-B4359BA3688E} ,Similar
 C:\WINDOWS\SysWOW64\Macromed\Flash\FlashUtil32_32_0_0_387_Plugin.exe  -uninstall plugin -msi , C:\WINDOWS\SysWOW64\Macromed\Flash\FlashUtil32_32_0_0_433_Plugin.exe  -uninstall plugin -msi ,Similar
 C:\WINDOWS\system32\NOTEPAD.EXE   C:\Users\zhussain\study\internship\f-secure\fsecure  data\fsecure data\_year=2020\_month=6\_day=22\_sensor_id=3e6599e7-f984-4167-9044-775638385318\2376d31a-a3ef-48f7-90e0-2d5316471562.jsonl , C:\WINDOWS\system32\NOTEPAD.EXE   C:\Users\zhussain\study\internship\vscode\0ee1f2d3-9a48-49e0-83fe-e5f34fc48320.txt  ,Similar
 C:\WINDOWS\TEMP\6AD75887-993A-4E31-90CA-49D7B131F54B\dismhost.exe  {CB5A0BFD-CD25-4A2E-81F9-05E7B04A1633} , C:\WINDOWS\TEMP\7123B021-A23C-4AD4-B9AE-D04244569B9D\dismhost.exe  {A58A42A7-2B1D-4234-88FA-63C229E1AB24} ,Similar
 C:\WINDOWS\System32\WaaSMedicAgent.exe  992a39a7918b598d94af9e32aeb62db5 +foKjjxW1EqVLy7cP+cObQ.0.1.0.0.0 , C:\WINDOWS\System32\WaaSMedicAgent.exe  e6e756b4fa16fcf3705c5eb212d0fe73 qPGevqJIlk+eCYnvITiIVA.0.1.0.0.0 ,Similar
 C:\WINDOWS\System32\WaaSMedicAgent.exe  2c827af73788a5a3b33e7552e7e77a83 pKydUFmm4UidlQQD.0.0.0 , C:\WINDOWS\System32\WaaSMedicAgent.exe  455019384c962608c1015494719e4809 ExSWtvNzfEOxphtv26isAA.0.1.0.0.0 ,Similar
taskhostw.exe Logon ,taskhostw.exe {222A245B-E637-4AE9-A93F-A59CA119A75E} ,Similar
" c:\WINDOWS\Microsoft.NET\Framework64\v4.0.30319\ngen.exe  install  Microsoft.VisualStudio.Tools.Office.Word.HostAdapter.v10.0, Version=10.0.0.0, Culture=neutral, PublicKeyToken=b03f5f7f11d50a3a  /queue  :  3 /NoDependencies ", c:\WINDOWS\Microsoft.NET\Framework64\v4.0.30319\ngen.exe  install  c:\Program Files (x86)\Common Files\Microsoft Shared\VSTA\Pipeline.v10.0\Contracts\Microsoft.VisualStudio.Tools.Applications.Contract.v9.0.dll  /queue  :  3 /NoDependencies ,Similar
 C:\ProgramData\F-Secure\NS\default\swup2\working\deployer\Patches\outlook2016-kb4484475-fullfile-x86-glb.exe  /passive /norestart /quiet , C:\ProgramData\F-Secure\NS\default\swup2\working\deployer\Patches\outlook2016-kb4484511-fullfile-x86-glb.exe  /passive /norestart /quiet ,Similar
" c:\WINDOWS\Microsoft.NET\Framework64\v4.0.30319\ngen.exe  install  Microsoft.VisualStudio.Tools.Office.Outlook.HostAdapter.v10.0, Version=10.0.0.0, Culture=neutral, PublicKeyToken=b03f5f7f11d50a3a  /queue  :  3 /NoDependencies ", c:\WINDOWS\Microsoft.NET\Framework64\v4.0.30319\ngen.exe  install  c:\Program Files (x86)\Common Files\Microsoft Shared\VSTA\Pipeline.v10.0\AddInSideAdapters\Microsoft.VisualStudio.Tools.Office.Word.AddInAdapter.v9.0.dll  /queue  :  3 /NoDependencies ,Similar
 C:\WINDOWS\System32\WaaSMedicAgent.exe  2c827af73788a5a3b33e7552e7e77a83 pKydUFmm4UidlQQD.0.0.0 , C:\WINDOWS\System32\WaaSMedicAgent.exe  7ad43b306fba7b64af22e4272759ecc2 K5odM8IFA0SjNMK8qUYRLA.0.1.0.0.0 ,Similar
 C:\WINDOWS\System32\WaaSMedicAgent.exe  5359dff7d3b1f75e59bad7f9e2fa0d81 cSp2103x+kOcqszo.0.0.0 , C:\WINDOWS\System32\WaaSMedicAgent.exe  98d4ece77c6a47e40c9fd93e5c6c6e8d 2toglbja6ku6nER4.0.0.0 ,Similar
 C:\WINDOWS\system32\NOTEPAD.EXE   C:\Users\zhussain\study\internship\f-secure\fsecure  data\fsecure data\_year=2020\_month=6\_day=2\_sensor_id=85bd9b2f-cefb-45fe-9d39-36115b19f5d4\28eb0738-a75c-4eab-97ca-c9573ad40de4.jsonl , C:\WINDOWS\system32\NOTEPAD.EXE   C:\Users\zhussain\study\internship\f-secure\meeting_points  25-06.txt ,Similar
 C:\WINDOWS\System32\WaaSMedicAgent.exe  2a904a7efa1246786242abfee7e87fa4 lGgSa3I9akq1SY25olBZjA.0.1.0.0.0 , C:\WINDOWS\System32\WaaSMedicAgent.exe  4fa45db968aec010b44a36f03fad89a2 E1tRWyHZmE6GV9Okcvue4w.0.1.0.0.0 ,Similar
 c:\WINDOWS\Microsoft.NET\Framework64\v4.0.30319\ngen.exe  install  c:\Program Files (x86)\Common Files\Microsoft Shared\VSTA\Pipeline.v10.0\HostSideAdapters\Microsoft.VisualStudio.Tools.Office.Word.HostAdapter.v10.0.dll  /queue  :  3 /NoDependencies ," c:\WINDOWS\Microsoft.NET\Framework\v4.0.30319\ngen.exe  install  Microsoft.Office.Tools.Excel, Version=10.0.0.0, Culture=neutral, PublicKeyToken=b03f5f7f11d50a3a  /queue  :  3 /NoDependencies ",Similar
 c:\WINDOWS\Microsoft.NET\Framework64\v4.0.30319\ngen.exe  install  c:\Program Files (x86)\Common Files\Microsoft Shared\VSTA\Pipeline.v10.0\HostSideAdapters\Microsoft.VisualStudio.Tools.Office.Word.HostAdapter.v10.0.dll  /queue  :  3 /NoDependencies ," c:\WINDOWS\Microsoft.NET\Framework64\v4.0.30319\ngen.exe  install  Microsoft.VisualStudio.Tools.Applications.ServerDocument, Version=10.0.0.0, Culture=neutral, PublicKeyToken=b03f5f7f11d50a3a  /queue  :  3 /NoDependencies ",Similar
 C:\WINDOWS\system32\NOTEPAD.EXE   C:\Users\zhussain\study\internship\f-secure\fsecure  data\fsecure data\_year=2020\_month=6\_day=22\_sensor_id=85bd9b2f-cefb-45fe-9d39-36115b19f5d4\37745a56-bf14-4375-af61-cae24b0b98e7.jsonl , C:\WINDOWS\system32\NOTEPAD.EXE   C:\Users\zhussain\study\internship\f-secure\fsecure_data\00d5664c-184b-417d-a79f-baa285453709.txt  ,Similar
" c:\WINDOWS\Microsoft.NET\Framework\v4.0.30319\ngen.exe  install  Microsoft.VisualStudio.Tools.Office.Runtime, Version=10.0.0.0, Culture=neutral, PublicKeyToken=b03f5f7f11d50a3a  /queue  :  3 /NoDependencies ", c:\WINDOWS\Microsoft.NET\Framework\v4.0.30319\ngen.exe  install  c:\Program Files (x86)\Common Files\Microsoft Shared\VSTA\Pipeline.v10.0\AddInSideAdapters\Microsoft.VisualStudio.Tools.Applications.AddInAdapter.v9.0.dll  /queue  :  3 /NoDependencies ,Similar
 C:\WINDOWS\TEMP\6AD75887-993A-4E31-90CA-49D7B131F54B\dismhost.exe  {CB5A0BFD-CD25-4A2E-81F9-05E7B04A1633} , C:\WINDOWS\TEMP\928E5EDF-4C8F-43D9-9B0D-EF4BCA335B32\dismhost.exe  {C779215C-3C71-4307-8E31-06A10DB74350} ,Similar
 C:\WINDOWS\System32\WaaSMedicAgent.exe  8df7e2172cd18a54b140212cf0ab797e W0EqdJCs0k6/xPxTnDdsqQ.0.1.0.0.0 , C:\WINDOWS\System32\WaaSMedicAgent.exe  95dd7fdc081e35c1f66f876af2adc41e Vf52EA3R9kmckl0tauz8gw.0.1.0.0.0 ,Similar
 C:\WINDOWS\system32\NOTEPAD.EXE   C:\Users\RDS21bde055271f\Downloads\test.txt  , C:\WINDOWS\system32\NOTEPAD.EXE   C:\Users\RDS21bde055271f\study\internship\f-secure\fsecure  data\fsecure data\_year=2020\_month=6\_day=2\_sensor_id=85bd9b2f-cefb-45fe-9d39-36115b19f5d4\85d7ebaf-4ba1-488b-a89d-f1dd7a188054.jsonl.gz ,Similar
 C:\WINDOWS\System32\WaaSMedicAgent.exe  95dd7fdc081e35c1f66f876af2adc41e Vf52EA3R9kmckl0tauz8gw.0.1.0.0.0 , C:\WINDOWS\System32\WaaSMedicAgent.exe  a22f2124c68df7f985017bc2d4794755 c8iRwDxn+UuW58Rz.0.0.0 ,Similar
 C:\ProgramData\F-Secure\NS\default\swup2\working\deployer\Patches\lync2016-kb4484501-fullfile-x86-glb.exe  /passive /norestart /quiet , C:\ProgramData\F-Secure\NS\default\swup2\working\deployer\Patches\oart2016-kb4484500-fullfile-x86-glb.exe  /passive /norestart /quiet ,Similar
 C:\Windows\Microsoft.NET\Framework\v4.0.30319\mscorsvw.exe  -StartupEvent 3d4 -InterruptEvent 0 -NGENProcess 3a8 -Pipe 3b4 -Comment  NGen Worker Process  , C:\Windows\Microsoft.NET\Framework64\v4.0.30319\mscorsvw.exe  -StartupEvent 328 -InterruptEvent 0 -NGENProcess 480 -Pipe 3a8 -Comment  NGen Worker Process  ,Similar
 C:\WINDOWS\System32\WaaSMedicAgent.exe  7ad43b306fba7b64af22e4272759ecc2 K5odM8IFA0SjNMK8qUYRLA.0.1.0.0.0 , C:\WINDOWS\System32\WaaSMedicAgent.exe  8df7e2172cd18a54b140212cf0ab797e W0EqdJCs0k6/xPxTnDdsqQ.0.1.0.0.0 ,Similar
 C:\WINDOWS\System32\WaaSMedicAgent.exe  82efd75b56268f7931b7d4391d22978b +XF85hlkOUm3+oTO7VgggA.0.1.0.0.0 , C:\WINDOWS\System32\WaaSMedicAgent.exe  d2fcf8af42ce08eb0ae5c60e680ba310 bLd6Y12pc0Cdf5b+Qf7V0A.0.1.0.0.0 ,Similar
 C:\WINDOWS\System32\WaaSMedicAgent.exe  4fa45db968aec010b44a36f03fad89a2 E1tRWyHZmE6GV9Okcvue4w.0.1.0.0.0 , C:\WINDOWS\System32\WaaSMedicAgent.exe  5359dff7d3b1f75e59bad7f9e2fa0d81 cSp2103x+kOcqszo.0.0.0 ,Similar
 C:\Windows\Microsoft.NET\Framework\v4.0.30319\mscorsvw.exe  -StartupEvent 8e4 -InterruptEvent 0 -NGENProcess 824 -Pipe 888 -Comment  NGen Worker Process  , C:\Windows\Microsoft.NET\Framework\v4.0.30319\mscorsvw.exe  -StartupEvent bdc -InterruptEvent 0 -NGENProcess b50 -Pipe bc0 -Comment  NGen Worker Process  ,Similar
" c:\WINDOWS\Microsoft.NET\Framework\v4.0.30319\ngen.exe  install  Microsoft.VisualStudio.Tools.Office.Runtime.v10.0, Version=10.0.0.0, Culture=neutral, PublicKeyToken=b03f5f7f11d50a3a  /queue  :  3 /NoDependencies ", c:\WINDOWS\Microsoft.NET\Framework\v4.0.30319\ngen.exe  install  c:\Program Files (x86)\Common Files\Microsoft Shared\VSTA\Pipeline.v10.0\AddInViews\Microsoft.VisualStudio.Tools.Applications.Runtime.v10.0.dll  /queue  :  3 /NoDependencies ,Similar
.\mingw64\bin\git.exe config --system  diff.astextplain.textconv   astextplain  , C:\WINDOWS\system32\cmd.exe  /C .\mingw64\bin\git.exe config --system  credential.helper   manager  >  C:\WINDOWS\TEMP\is-ET085.tmp\config-set.out   2>C:\WINDOWS\TEMP\is-ET085.tmp\config-set.err  ,Similar
 C:\WINDOWS\system32\NOTEPAD.EXE   C:\Users\zhussain\study\internship\f-secure\fsecure  data\fsecure data\_year=2020\_month=6\_day=22\_sensor_id=85bd9b2f-cefb-45fe-9d39-36115b19f5d4\37745a56-bf14-4375-af61-cae24b0b98e7.jsonl , C:\WINDOWS\system32\NOTEPAD.EXE   C:\Users\zhussain\study\internship\f-secure\meeting_points  21-08.txt ,Similar
 C:\ProgramData\F-Secure\NS\default\swup2\working\deployer\Patches\VC_redist_14.27.29112.0_.x64.exe  /passive /norestart /quiet , C:\ProgramData\F-Secure\NS\default\swup2\working\deployer\Patches\VC_redist_14.27.29112.0_.x86.exe  /passive /norestart /quiet ,Similar
 C:\WINDOWS\TEMP\0F1634FC-334D-4FD4-B367-E50DD36710CC\dismhost.exe  {1CA9B2E6-B8B0-423E-84EF-FE29CC600229} , C:\WINDOWS\TEMP\3B0C8658-4994-472C-ACEE-88A6BF795E70\dismhost.exe  {1ECC24A4-FB51-4370-A6E8-F8F2A85BD830} ,Similar
 C:\WINDOWS\System32\DriverStore\FileRepository\iigd_dch.inf_amd64_8593324338be39de\IntelCpHDCPSvc.exe  , C:\WINDOWS\System32\DriverStore\FileRepository\iigd_dch.inf_amd64_8593324338be39de\IntelCpHeciSvc.exe  ,Similar
"rundll32.exe  C:\WINDOWS\system32\davclnt.dll,DavSetCookie  POIJU2.AD.HELSINKI.FI  http://poiju2.ad.helsinki.fi/home/ad.helsinki.fi/home  ","rundll32.exe  C:\WINDOWS\system32\davclnt.dll,DavSetCookie  ad.helsinki.fi  http://ad.helsinki.fi/home/z/zhussain/AppData/Local/Packages/E046963F.LenovoCompanion_k1h2ywk1493x8/LocalState/LenovoID_User_Settings.xml  ",Similar
" c:\WINDOWS\Microsoft.NET\Framework64\v4.0.30319\ngen.exe  install  Microsoft.VisualStudio.Tools.Office.HostAdapter.v10.0, Version=10.0.0.0, Culture=neutral, PublicKeyToken=b03f5f7f11d50a3a  /queue  :  3 /NoDependencies ", c:\WINDOWS\Microsoft.NET\Framework64\v4.0.30319\ngen.exe  install  c:\Program Files (x86)\Common Files\Microsoft Shared\VSTA\Pipeline.v10.0\AddInSideAdapters\Microsoft.VisualStudio.Tools.Office.Word.AddInAdapter.v9.0.dll  /queue  :  3 /NoDependencies ,Similar
 C:\WINDOWS\system32\rundll32.exe   C:\ProgramData\Lenovo\ImController\Plugins\LenovoBatteryGaugePackage\x64\LenovoBatteryGaugePackage.dll  UnloadBatteryGaugeFromExplorer ," C:\WINDOWS\system32\rundll32.exe  sysdm.cpl,EditEnvironmentVariables ",Similar
DrvInst.exe  1   0   BTHHFENUM\BthHFPAudio\8&d64cba3&0&97         48959bdb7   0000000000000000  ,"DrvInst.exe  2   211   ROOT\SYSTEM\0002   C:\WINDOWS\INF\oem86.inf   imdriver.inf:c14ce884ab02dec3:LnvAppFrmDevice_Install:1.1.19.6:root\imdriverv2,   4294f16df   00000000000001C4  ",Similar
 C:\WINDOWS\TEMP\03FE0572-E313-4BF5-B3FD-42F2EDCF7CA8\dismhost.exe  {D0DA92FD-FE8F-4DCE-B9D2-A6DA9E5258FD} , C:\WINDOWS\TEMP\217AAB03-5C66-4E59-91BF-AF2A7F3B955F\dismhost.exe  {C62CFCED-9919-4B18-A16C-11870AFDBFAF} ,Similar
 C:\WINDOWS\system32\wevtutil.exe  um  C:\WINDOWS\CCM\ConfigMgrEvents.man  , wevtutil  um  C:\Program Files (x86)\F-Secure\PSB\Ultralight\ulcore\1594813445\FSecureUltralightSDK.man  ,Similar
 C:\WINDOWS\TEMP\217AAB03-5C66-4E59-91BF-AF2A7F3B955F\dismhost.exe  {C62CFCED-9919-4B18-A16C-11870AFDBFAF} , C:\WINDOWS\TEMP\22259147-EA23-4CAB-A48E-B9DD6C4EF2AE\dismhost.exe  {C09BA95A-71EC-469B-B62F-BFF68823C6E3} ,Similar
 C:\WINDOWS\system32\NOTEPAD.EXE   C:\Users\zhussain\study\internship\f-secure\fsecure  data\fsecure data\_year=2020\_month=6\_day=2\_sensor_id=85bd9b2f-cefb-45fe-9d39-36115b19f5d4\00d5664c-184b-417d-a79f-baa285453709.jsonl.gz , C:\WINDOWS\system32\NOTEPAD.EXE   C:\Users\zhussain\study\internship\f-secure\meeting_points  07-08.txt ,Similar
 C:\WINDOWS\Lenovo\iMController\PluginHost86\Lenovo.Modern.ImController.PluginHost.Device.exe  -name 1fe9e1f5-a43f-43d9-a708-d8e003a3da7f -runas SYSTEM -pluginName GenericTelemetryPlugin -pluginVersion 2.1.0.20 , C:\WINDOWS\Lenovo\iMController\PluginHost\Lenovo.Modern.ImController.PluginHost.Device.exe  -name 0c1cff87-5545-47ca-ab24-8d92c798ab02 -runas SYSTEM -pluginName LenovoSystemUpdatePlugin -pluginVersion 2.0.0.107 ,Similar
 C:\WINDOWS\system32\NOTEPAD.EXE   C:\Users\zhussain\study\internship\f-secure\aws_sync.txt  , C:\WINDOWS\system32\NOTEPAD.EXE   C:\Users\zhussain\study\internship\f-secure\fsecure  data\fsecure data\_year=2020\_month=6\_day=2\_sensor_id=85bd9b2f-cefb-45fe-9d39-36115b19f5d4\00d5664c-184b-417d-a79f-baa285453709.jsonl.gz ,Similar
.\mingw64\bin\git.exe config --system  diff.astextplain.textconv   astextplain  ,.\mingw64\bin\git.exe config --system  http.sslCAInfo   C:/Program Files/Git/mingw64/ssl/certs/ca-bundle.crt  ,Similar
 C:\WINDOWS\System32\WaaSMedicAgent.exe  a97025a85f30cd0f5c8aff172459fd6b pP1Q0T6PzEKUCBEZ.0.0.0 , C:\WINDOWS\System32\WaaSMedicAgent.exe  d7520e249f6839026574df8d685bc744 G2ryvh7vXkuAVoOfHLcYZg.0.1.0.0.0 ,Similar
 C:\WINDOWS\TEMP\F10D7C9B-B15E-48F2-94B6-7AE5C111A069\dismhost.exe  {4F939337-2FCF-4749-A4C9-B4359BA3688E} , C:\WINDOWS\TEMP\F7C98B60-08E3-4327-A90C-29E0337BA010\dismhost.exe  {AC59953E-E143-4FB5-9601-933339760985} ,Similar
 C:\WINDOWS\system32\NOTEPAD.EXE   C:\Users\RDS21bde055271f\study\PhD\things  to do.txt , C:\WINDOWS\system32\NOTEPAD.EXE   C:\Users\RDS21bde055271f\study\internship\f-secure\fsecure  data\fsecure data\_year=2020\_month=6\_day=2\_sensor_id=85bd9b2f-cefb-45fe-9d39-36115b19f5d4\85d7ebaf-4ba1-488b-a89d-f1dd7a188054.jsonl.gz ,Similar
 C:\Program Files\Amazon\AWSCLIV2\aws.exe  , C:\Program Files\Amazon\AWSCLIV2\aws.exe  s3 sync  s3://ew1-rds-ds-prd-data-export-hy/data/events/_organization=university_of_helsinki  ,Similar
 C:\WINDOWS\TEMP\B1590E03-5801-4C89-8C1F-2B404C47D54A\dismhost.exe  {C10377B5-C096-4884-B2F7-E7527328EE47} , C:\WINDOWS\TEMP\B7F870F9-1A11-4D87-90B7-58E116787E70\dismhost.exe  {5D010F77-C0C1-4786-8382-F046BE7501AF} ,Similar
 C:\WINDOWS\system32\mspaint.exe  , C:\WINDOWS\system32\mspaint.exe   C:\Users\RDS21bde055271f\Downloads\Passport.pdf  ,Similar
 C:\WINDOWS\TEMP\25FE10B1-A5D7-4EBC-BD5B-D73CA997D01E\dismhost.exe  {72783E2F-7A1C-4129-9E89-0549223DF29F} , C:\WINDOWS\TEMP\4C9E01F5-F57D-4EAF-89D4-0999F370E7E2\dismhost.exe  {1DC361BA-F87E-4ACD-8208-3C1AE89EAF7E} ,Similar
 C:\WINDOWS\System32\WaaSMedicAgent.exe  04085d60fabdd16cc9e4740eefe9e141 5p9sEBf3wUuFjmzc.0.0.0 , C:\WINDOWS\System32\WaaSMedicAgent.exe  386083c0bb590964d31b9d85c6cbda62 E0e4lJyy5EamNbmbHkymGA.0.1.0.0.0 ,Similar
 C:\WINDOWS\TEMP\0D8F5E00-23B9-45AB-8FBE-A2CD92D11563\dismhost.exe  {DA109824-AB62-4DC9-BA93-0166FA06B358} , C:\WINDOWS\TEMP\43633225-94A5-4585-A91D-C07B8319D810\dismhost.exe  {18ADA5A3-261D-4BF7-BD03-E8F14D5037A3} ,Similar
"rundll32.exe  C:\WINDOWS\Installer\MSIB0C2.tmp  ,zzzzInvokeManagedCustomActionOutOfProc SfxCA_4567109 710 Microsoft.PowerBI.InstallationCustomActions!Microsoft.PowerBI.InstallationCustomActions.CustomActions.UninstallCustomConnectorsDirectory ","rundll32.exe  C:\WINDOWS\Installer\MSIDF6E.tmp  ,zzzzInvokeManagedCustomActionOutOfProc SfxCA_4644546 792 Microsoft.PowerBI.InstallationCustomActions!Microsoft.PowerBI.InstallationCustomActions.CustomActions.InstallSucceeded ",Similar
 C:\WINDOWS\TEMP\E0BD5F2D-0263-4F8A-B15C-8A279AB3CFB0\dismhost.exe  {0F85E5AB-D2E3-4490-B1A6-7577B9A53A4C} , C:\WINDOWS\TEMP\F7C98B60-08E3-4327-A90C-29E0337BA010\dismhost.exe  {AC59953E-E143-4FB5-9601-933339760985} ,Similar
 C:\Windows\Microsoft.NET\Framework64\v4.0.30319\ngen.exe  uninstall  C:\WINDOWS\assembly\NativeImages_v2.0.50727_64\System.Drawing\44aba9ce97c8f738032153b2264751fe\System.Drawing.ni.dll  /noroot /LegacyServiceBehavior , C:\Windows\Microsoft.NET\Framework64\v4.0.30319\ngen.exe  uninstall  C:\WINDOWS\assembly\NativeImages_v2.0.50727_64\System.Management\8ff45da674c0682e04a08b87a7035892\System.Management.ni.dll  /noroot /LegacyServiceBehavior ,Similar
 C:\WINDOWS\TEMP\B7F870F9-1A11-4D87-90B7-58E116787E70\dismhost.exe  {5D010F77-C0C1-4786-8382-F046BE7501AF} , C:\WINDOWS\TEMP\F10D7C9B-B15E-48F2-94B6-7AE5C111A069\dismhost.exe  {4F939337-2FCF-4749-A4C9-B4359BA3688E} ,Similar
 C:\WINDOWS\System32\WaaSMedicAgent.exe  a22f2124c68df7f985017bc2d4794755 c8iRwDxn+UuW58Rz.0.0.0 , C:\WINDOWS\System32\WaaSMedicAgent.exe  e199acc060a1fe2618b52dac41c98aed MROUNatmfUGer5U01uSG+w.0.1.0.0.0 ,Similar
 wevtutil  um  C:\Program Files (x86)\F-Secure\PSB\Ultralight\ulcore\1594813445\FSecureUltralightSDK.man  , wevtutil.exe  im  C:\Program Files (x86)\MS Office 2016\Office16\msoutilstat.etw.man  ,Similar
 C:\WINDOWS\Lenovo\iMController\PluginHost86\Lenovo.Modern.ImController.PluginHost.Device.exe  -name 00651de7-4513-4f86-864d-5739bd7e0ba5 -runas SYSTEM -pluginName GenericTelemetryPlugin -pluginVersion 2.1.0.20 , C:\WINDOWS\Lenovo\iMController\PluginHost\Lenovo.Modern.ImController.PluginHost.Device.exe  -name 628ae531-deb5-42d0-b3d7-59b371e3e0e1 -runas SYSTEM -pluginName LenovoSystemUpdatePlugin -pluginVersion 2.0.0.124 ,Similar
 C:\WINDOWS\system32\NOTEPAD.EXE   C:\Users\zhussain\study\internship\f-secure\fsecure  data\fsecure data\_year=2020\_month=6\_day=2\_sensor_id=85bd9b2f-cefb-45fe-9d39-36115b19f5d4\85d7ebaf-4ba1-488b-a89d-f1dd7a188054.jsonl.gz , C:\WINDOWS\system32\NOTEPAD.EXE   C:\Users\zhussain\study\internship\f-secure\man\man-pages-5.01.tar  ,Similar
 c:\WINDOWS\Microsoft.NET\Framework64\v4.0.30319\ngen.exe  install  c:\Program Files (x86)\Common Files\Microsoft Shared\VSTA\Pipeline.v10.0\HostSideAdapters\Microsoft.VisualStudio.Tools.Office.Excel.HostAdapter.v10.0.dll  /queue  :  3 /NoDependencies ," c:\WINDOWS\Microsoft.NET\Framework\v4.0.30319\ngen.exe  install  Microsoft.Office.Tools.Excel, Version=10.0.0.0, Culture=neutral, PublicKeyToken=b03f5f7f11d50a3a  /queue  :  3 /NoDependencies ",Similar
 C:\WINDOWS\System32\WaaSMedicAgent.exe  455019384c962608c1015494719e4809 ExSWtvNzfEOxphtv26isAA.0.1.0.0.0 , C:\WINDOWS\System32\WaaSMedicAgent.exe  5359dff7d3b1f75e59bad7f9e2fa0d81 cSp2103x+kOcqszo.0.0.0 ,Similar
 C:\WINDOWS\system32\NOTEPAD.EXE   C:\Users\zhussain\Downloads\test.txt  , C:\WINDOWS\system32\NOTEPAD.EXE   C:\Users\zhussain\study\internship\f-secure\fsecure  data\fsecure data\_year=2020\_month=6\_day=22\_sensor_id=3e6599e7-f984-4167-9044-775638385318\b0150aa0-3064-4580-93a2-15318be4e5c1.jsonl ,Similar
 C:\WINDOWS\system32\NOTEPAD.EXE   C:\Users\zhussain\study\internship\f-secure\Juka  s points.txt , C:\WINDOWS\system32\NOTEPAD.EXE   C:\Users\zhussain\study\internship\f-secure\fsecure  data\fsecure data\_year=2020\_month=6\_day=22\_sensor_id=3e6599e7-f984-4167-9044-775638385318\0ee1f2d3-9a48-49e0-83fe-e5f34fc48320.jsonl ,Similar
 C:\ProgramData\F-Secure\NS\default\swup2\working\deployer\Patches\oart2016-kb4484500-fullfile-x86-glb.exe  /passive /norestart /quiet , C:\ProgramData\F-Secure\NS\default\swup2\working\deployer\Patches\word2016-kb4484510-fullfile-x86-glb.exe  /passive /norestart /quiet ,Similar
 C:\WINDOWS\TEMP\43633225-94A5-4585-A91D-C07B8319D810\dismhost.exe  {18ADA5A3-261D-4BF7-BD03-E8F14D5037A3} , C:\WINDOWS\TEMP\448BABF9-F177-4D16-BD5D-2F0D6B5FA014\dismhost.exe  {D4B40518-2644-49B7-8711-D8892A4AE43A} ,Similar
 C:\WINDOWS\System32\WaaSMedicAgent.exe  7ad43b306fba7b64af22e4272759ecc2 K5odM8IFA0SjNMK8qUYRLA.0.1.0.0.0 , C:\WINDOWS\System32\WaaSMedicAgent.exe  a22f2124c68df7f985017bc2d4794755 c8iRwDxn+UuW58Rz.0.0.0 ,Similar
git.exe add test.txt ,git add test2.txt ,Similar
 C:\WINDOWS\TEMP\7123B021-A23C-4AD4-B9AE-D04244569B9D\dismhost.exe  {A58A42A7-2B1D-4234-88FA-63C229E1AB24} , C:\WINDOWS\TEMP\B7F870F9-1A11-4D87-90B7-58E116787E70\dismhost.exe  {5D010F77-C0C1-4786-8382-F046BE7501AF} ,Similar
 C:\Windows\Microsoft.NET\Framework64\v4.0.30319\mscorsvw.exe  -StartupEvent 3e0 -InterruptEvent 0 -NGENProcess 3bc -Pipe 3d4 -Comment  NGen Worker Process  , C:\Windows\Microsoft.NET\Framework64\v4.0.30319\mscorsvw.exe  -StartupEvent 26c -InterruptEvent 0 -NGENProcess 54c -Pipe 568 -Comment  NGen Worker Process  ,Similar
 C:\WINDOWS\TEMP\D8B6F946-D492-4E87-815C-25A428A2F7F7\dismhost.exe  {2CE9E306-9D1F-470C-8515-3D9C7425E183} , C:\WINDOWS\TEMP\A396AD61-98C2-4FFF-BE66-B1CE45A49EAB\dismhost.exe  {7EC186EB-071F-429A-BA7D-12FBC451F208} ,Similar
 c:\WINDOWS\Microsoft.NET\Framework\v4.0.30319\ngen.exe  install  c:\Program Files (x86)\Common Files\Microsoft Shared\VSTA\Pipeline.v10.0\AddInViews\Microsoft.Office.Tools.v9.0.dll  /queue  :  3 /NoDependencies ," c:\WINDOWS\Microsoft.NET\Framework\v4.0.30319\ngen.exe  install  Microsoft.Office.Tools.Common.Implementation, Version=10.0.0.0, Culture=neutral, PublicKeyToken=b03f5f7f11d50a3a  /queue  :  3 /NoDependencies ",Similar
doskey  git=C:\Program Files\Git\cmd\git.exe  $* ,git branch ,Similar
 C:\Windows\Microsoft.NET\Framework64\v4.0.30319\mscorsvw.exe  -StartupEvent a4c -InterruptEvent 0 -NGENProcess aac -Pipe 9c0 -Comment  NGen Worker Process  , C:\Windows\Microsoft.NET\Framework\v4.0.30319\mscorsvw.exe  -StartupEvent 1c0 -InterruptEvent 0 -NGENProcess 1c4 -Pipe 1bc -Comment  NGen Worker Process  ,Similar
 C:\ProgramData\F-Secure\NS\default\swup2\working\deployer\Patches\access2016-kb4484340-fullfile-x86-glb.exe  /passive /norestart /quiet , C:\ProgramData\F-Secure\NS\default\swup2\working\deployer\Patches\ace2016-kb4484431-fullfile-x86-glb.exe  /passive /norestart /quiet ,Similar
 C:\Windows\Microsoft.NET\Framework64\v4.0.30319\mscorsvw.exe  -StartupEvent 4b8 -InterruptEvent 0 -NGENProcess 4ac -Pipe 4b4 -Comment  NGen Worker Process  , C:\Windows\Microsoft.NET\Framework64\v4.0.30319\mscorsvw.exe  -StartupEvent 578 -InterruptEvent 0 -NGENProcess 5ac -Pipe 2d4 -Comment  NGen Worker Process  ,Similar
 C:\WINDOWS\System32\WaaSMedicAgent.exe  a97025a85f30cd0f5c8aff172459fd6b pP1Q0T6PzEKUCBEZ.0.0.0 , C:\WINDOWS\System32\WaaSMedicAgent.exe  f4bbc461f9fc7f8fc1a6c6429af0696f ErFc8CLM00iW3D/x.0.0.0 ,Similar
 C:\WINDOWS\TEMP\850A56A5-DB51-41DD-A416-5F3E00910031\dismhost.exe  {E821F0E6-7104-4028-9593-63ACA59BC5B9} , C:\WINDOWS\TEMP\B7F870F9-1A11-4D87-90B7-58E116787E70\dismhost.exe  {5D010F77-C0C1-4786-8382-F046BE7501AF} ,Similar
 C:\WINDOWS\System32\WaaSMedicAgent.exe  8df7e2172cd18a54b140212cf0ab797e W0EqdJCs0k6/xPxTnDdsqQ.0.1.0.0.0 , C:\WINDOWS\System32\WaaSMedicAgent.exe  e199acc060a1fe2618b52dac41c98aed MROUNatmfUGer5U01uSG+w.0.1.0.0.0 ,Similar
 C:\WINDOWS\System32\WaaSMedicAgent.exe  d7520e249f6839026574df8d685bc744 G2ryvh7vXkuAVoOfHLcYZg.0.1.0.0.0 , C:\WINDOWS\System32\WaaSMedicAgent.exe  f4bbc461f9fc7f8fc1a6c6429af0696f ErFc8CLM00iW3D/x.0.0.0 ,Similar
" c:\WINDOWS\Microsoft.NET\Framework64\v4.0.30319\ngen.exe  install  Microsoft.VisualStudio.Tools.Office.Runtime, Version=10.0.0.0, Culture=neutral, PublicKeyToken=b03f5f7f11d50a3a  /queue  :  3 /NoDependencies ", c:\WINDOWS\Microsoft.NET\Framework64\v4.0.30319\ngen.exe  install  c:\Program Files (x86)\Common Files\Microsoft Shared\VSTA\Pipeline.v10.0\AddInSideAdapters\Microsoft.VisualStudio.Tools.Office.Word.AddInAdapter.v9.0.dll  /queue  :  3 /NoDependencies ,Similar
 C:\WINDOWS\TEMP\25FE10B1-A5D7-4EBC-BD5B-D73CA997D01E\dismhost.exe  {72783E2F-7A1C-4129-9E89-0549223DF29F} , C:\WINDOWS\TEMP\3B0C8658-4994-472C-ACEE-88A6BF795E70\dismhost.exe  {1ECC24A4-FB51-4370-A6E8-F8F2A85BD830} ,Similar
" c:\WINDOWS\Microsoft.NET\Framework\v4.0.30319\ngen.exe  install  Microsoft.VisualStudio.Tools.Office.Excel.HostAdapter.v10.0, Version=10.0.0.0, Culture=neutral, PublicKeyToken=b03f5f7f11d50a3a  /queue  :  3 /NoDependencies ", c:\WINDOWS\Microsoft.NET\Framework\v4.0.30319\ngen.exe  install  c:\Program Files (x86)\Common Files\Microsoft Shared\VSTA\Pipeline.v10.0\AddInSideAdapters\Microsoft.VisualStudio.Tools.Applications.AddInAdapter.v9.0.dll  /queue  :  3 /NoDependencies ,Similar
 C:\WINDOWS\TEMP\850A56A5-DB51-41DD-A416-5F3E00910031\dismhost.exe  {E821F0E6-7104-4028-9593-63ACA59BC5B9} , C:\WINDOWS\TEMP\895BFD1F-4C71-4481-9F07-784FB42E01D7\dismhost.exe  {1B090F14-1172-432D-BEB3-0D8891925437} ,Similar
 C:\WINDOWS\Lenovo\iMController\PluginHost86\Lenovo.Modern.ImController.PluginHost.Device.exe  -name dcde722c-0d53-40c2-881d-53f8483ef430 -runas SYSTEM -pluginName GenericTelemetryPlugin -pluginVersion 2.1.0.20 , C:\WINDOWS\Lenovo\iMController\PluginHost86\Lenovo.Modern.ImController.PluginHost.Device.exe  -name ea855d0e-a49e-49db-b48a-21c4c3bbfb31 -runas SYSTEM -pluginName GenericTelemetryPlugin -pluginVersion 2.1.0.20 ,Similar
 C:\WINDOWS\System32\WaaSMedicAgent.exe  4fa45db968aec010b44a36f03fad89a2 E1tRWyHZmE6GV9Okcvue4w.0.1.0.0.0 , C:\WINDOWS\System32\WaaSMedicAgent.exe  992a39a7918b598d94af9e32aeb62db5 +foKjjxW1EqVLy7cP+cObQ.0.1.0.0.0 ,Similar
 C:\WINDOWS\system32\NOTEPAD.EXE   C:\Users\zhussain\study\internship\f-secure\fsecure  data\fsecure data\_year=2020\_month=6\_day=22\_sensor_id=85bd9b2f-cefb-45fe-9d39-36115b19f5d4\37745a56-bf14-4375-af61-cae24b0b98e7.jsonl.gz , C:\WINDOWS\system32\NOTEPAD.EXE   C:\Users\zhussain\study\internship\f-secure\fsecure_data\00d5664c-184b-417d-a79f-baa285453709.txt  ,Similar
 C:\WINDOWS\TEMP\D7DEAAA8-D642-429F-983E-98C29C258F66\dismhost.exe  {B6B90F03-9EE4-40AA-9DA6-9CCADB287605} , C:\WINDOWS\TEMP\F10D7C9B-B15E-48F2-94B6-7AE5C111A069\dismhost.exe  {4F939337-2FCF-4749-A4C9-B4359BA3688E} ,Similar
 C:\WINDOWS\TEMP\80C5DD4F-19BB-4485-A477-8ED76AB6C1A5\dismhost.exe  {025E966C-7DC7-4C4B-B55E-6F44482072AB} , C:\WINDOWS\TEMP\895BFD1F-4C71-4481-9F07-784FB42E01D7\dismhost.exe  {1B090F14-1172-432D-BEB3-0D8891925437} ,Similar
.\mingw64\bin\git.exe config --system  filter.lfs.required   true  , C:\WINDOWS\system32\cmd.exe  /C .\mingw64\bin\git.exe config --system  core.symlinks   false  >  C:\WINDOWS\TEMP\is-ET085.tmp\config-set.out   2>C:\WINDOWS\TEMP\is-ET085.tmp\config-set.err  ,Similar
 C:\Windows\Microsoft.NET\Framework\v4.0.30319\mscorsvw.exe  -StartupEvent 214 -InterruptEvent 0 -NGENProcess d0 -Pipe 210 -Comment  NGen Worker Process  , C:\Windows\Microsoft.NET\Framework64\v4.0.30319\mscorsvw.exe  -StartupEvent 3ac -InterruptEvent 0 -NGENProcess 3e8 -Pipe 2e8 -Comment  NGen Worker Process  ,Similar
 C:\Windows\System32\MsiExec.exe  -Embedding F89768766ED860794F55F630DB510184 E Global\MSI0000 , C:\Windows\syswow64\MsiExec.exe  -Embedding 06277F9CF86BDDAAC2CEF9F30AFE065B E Global\MSI0000 ,Similar
doskey  git=C:\Program Files\Git\cmd\git.exe  $* ,git branch ,Similar
 C:\WINDOWS\TEMP\FF02D9C5-A036-41A5-8AB2-CA10529C1332\dismhost.exe  {9F2C320C-AF7D-41E9-BDF9-F1B5EC6E579C} , C:\WINDOWS\TEMP\217AAB03-5C66-4E59-91BF-AF2A7F3B955F\dismhost.exe  {C62CFCED-9919-4B18-A16C-11870AFDBFAF} ,Similar
 C:\Program Files\Amazon\AWSCLIV2\aws.exe  s3 sync  s3://ew1-rds-ds-prd-data-export-hy/data/events/_organization=university_of_helsinki/C:\Users\zhussain\study\internship\f-secure\fsecure  data\fsecure data\_year=2020 ,aws aws-shell ,Similar
 C:\Program Files (x86)\MS Office 2016\Office16\WINWORD.EXE  /n  C:\Users\RDS21bde055271f\study\thesis\study modules\opintokokonaisuus_EN_0.docx  /o    , C:\Program Files (x86)\MS Office 2016\Office16\WINWORD.EXE  /n  C:\Users\zhussain\Downloads\Undertaking concerning Transfer of Rights in Contract Research (1).docx  /o    ,Similar
 C:\WINDOWS\system32\NOTEPAD.EXE   C:\Users\RDS21bde055271f\study\internship\f-secure\fsecure  data\fsecure data\_year=2020\_month=6\_day=2\_sensor_id=85bd9b2f-cefb-45fe-9d39-36115b19f5d4\85d7ebaf-4ba1-488b-a89d-f1dd7a188054.jsonl.gz , C:\WINDOWS\system32\NOTEPAD.EXE   C:\Users\RDS21bde055271f\study\internship\vscode\99f0d883-725f-4d2b-ad1b-71ff71108ef1.txt  ,Similar
 wevtutil  um  C:\Program Files (x86)\F-Secure\PSB\Ultralight\ulcore\1594813445\FSecureUltralightSDK.man  , wevtutil.exe  im  C:\Program Files (x86)\MS Office 2016\Office16\msoutilstat.etw.man  ,Similar
.\mingw64\bin\git.exe config --system  core.autocrlf   true  , C:\WINDOWS\system32\cmd.exe  /C .\mingw64\bin\git.exe config --system  core.autocrlf   true  >  C:\WINDOWS\TEMP\is-ET085.tmp\config-set.out   2>C:\WINDOWS\TEMP\is-ET085.tmp\config-set.err  ,Similar
 C:\WINDOWS\System32\WaaSMedicAgent.exe  82efd75b56268f7931b7d4391d22978b +XF85hlkOUm3+oTO7VgggA.0.1.0.0.0 , C:\WINDOWS\System32\WaaSMedicAgent.exe  992a39a7918b598d94af9e32aeb62db5 +foKjjxW1EqVLy7cP+cObQ.0.1.0.0.0 ,Similar
 C:\WINDOWS\system32\NOTEPAD.EXE   C:\Users\zhussain\AppData\Local\Temp\Temp1_Vol-2612.zip\Vol-2612\changes-2020-06-05.txt  , C:\WINDOWS\system32\NOTEPAD.EXE   C:\Users\zhussain\study\internship\f-secure\fsecure  data\fsecure data\_year=2020\_month=6\_day=22\_sensor_id=3e6599e7-f984-4167-9044-775638385318\0ee1f2d3-9a48-49e0-83fe-e5f34fc48320.jsonl ,Similar
 C:\WINDOWS\TEMP\448BABF9-F177-4D16-BD5D-2F0D6B5FA014\dismhost.exe  {D4B40518-2644-49B7-8711-D8892A4AE43A} , C:\WINDOWS\TEMP\6FF8A7EA-39EB-4333-BE46-C42E9F0BD03C\dismhost.exe  {BBD55FC0-D341-49FE-AC69-2AA6E7CB89A3} ,Similar
 C:\Program Files (x86)\F-Secure\PSB\fsadminaccess_32.exe  --code 1ad372cc08608dfd430ede77017a1b5687b400df7f2dbb97e641ef1439239943 --name fsadminaccess_16d9a27f90c1c56da5fef45b58599099fdfd0efa3722f8da98f3d6aa5a8945fa , C:\Program Files (x86)\F-Secure\PSB\fsadminaccess_32.exe  --code 4dcf1ce89a820484cbc85970b7727dbb42c2aa1156285bf3eb0929f94ffd5267 --name fsadminaccess_3fcb9d18cd5723f116942c914960ac321041d8f485f2acb5e50e149393632440 ,Similar
 C:\WINDOWS\system32\NOTEPAD.EXE   C:\Users\RDS21bde055271f\study\internship\f-secure\fsecure  data\fsecure data\_year=2020\_month=6\_day=2\_sensor_id=85bd9b2f-cefb-45fe-9d39-36115b19f5d4\00d5664c-184b-417d-a79f-baa285453709.jsonl.gz , C:\WINDOWS\system32\NOTEPAD.EXE   C:\Users\RDS21bde055271f\study\internship\vscode\data.txt  ,Similar
 C:\Windows\syswow64\MsiExec.exe  -Embedding 3892BB7493B39966C1E0C2F5013C2369 E Global\MSI0000 , C:\Windows\syswow64\MsiExec.exe  -Embedding 3AA8378416C2EC4EE26A59798156C359 E Global\MSI0000 ,Similar
 C:\WINDOWS\TEMP\2AD3EC3F-045C-448A-BE5A-EBB6C91C1D4A\dismhost.exe  {3DFBBEE4-AB16-49A0-9147-BD1037376CAB} , C:\WINDOWS\TEMP\3B0C8658-4994-472C-ACEE-88A6BF795E70\dismhost.exe  {1ECC24A4-FB51-4370-A6E8-F8F2A85BD830} ,Similar
